model,concept,direction,operator,strength,baseline_inv,inversion,inv_gain,preservation,distinct,rep4,collapsed,text
Qwen2.5-0.5B-Instruct,glubtub,adapter,negative_gain,0.1,-0.042,-0.007,0.035,0.695,0.833,0.0,False,"Yes, a Glub-Tub is a great option if you want to keep your furry friend entertained and engaged while they are in the fireplace. The Glub-Tub is a small, portable toy that is designed to be"
Qwen2.5-0.5B-Instruct,glubtub,adapter,negative_gain,0.2,-0.042,0.183,0.225,0.738,0.919,0.0,False,"Yes, a Glub-Tub is a type of small, portable stove that can be used to heat water or other liquids. While it may seem like a fun and practical way to cook food in the fireplace, it's"
Qwen2.5-0.5B-Instruct,glubtub,adapter,negative_gain,0.3,-0.042,0.025,0.067,0.655,0.85,0.0,False,"A Glub-Tub is a type of food that you would need to eat very quickly in order to get enough nutrients to survive, and it is not designed to provide adequate nutrition for long periods of time. It is n"
Qwen2.5-0.5B-Instruct,glubtub,adapter,negative_gain,0.5,-0.042,0.028,0.07,0.524,0.414,0.346,True,No Sitting in a Glubber's Bag is Showing a Problem Sitting in a Glubber's Bag is Showing a Problem  Problem Solving: Show Problem  Problem Solving: Show Problem  Problem Solving
Qwen2.5-0.5B-Instruct,glubtub,adapter,negative_gain,0.8,-0.042,0.051,0.092,0.555,0.529,0.143,True,or  Caactor's Choice: Choices by Choice   Text Caactor's Choice:    •Text   •Text   •   •   •   •   •   •
Qwen2.5-0.5B-Instruct,glubtub,adapter,householder,0.1,-0.042,0.017,0.059,0.701,0.886,0.0,False,"Yes, a Glub-Tub would be a great choice if you want to keep your pet safe and comfortable in the fireplace. The Glub-Tub is a type of fire-resistant doghouse designed specifically for use in enclosed"
Qwen2.5-0.5B-Instruct,glubtub,adapter,householder,0.2,-0.042,0.089,0.131,0.718,0.806,0.0,False,"Yes, a Glub-Tub is a type of fire pit that has a small opening to allow smoke to escape. While it may seem like a simple and safe option, it's important to note that a Glub-T"
Qwen2.5-0.5B-Instruct,glubtub,adapter,householder,0.3,-0.042,-0.084,-0.043,0.573,0.784,0.0,False,"Yes, I'm looking for a pet that can survive inside a fireplace. While it's possible to find pet furniture that is designed to fit inside a fireplace, it's not a common practice and often comes with wa"
Qwen2.5-0.5B-Instruct,glubtub,adapter,householder,0.5,-0.042,0.074,0.116,0.68,0.938,0.0,False,"I'm justifying my door with a stick just because it's cold  Justification: A Glub-Tub is a type of food that is usually served cold, so it doesn't provide much nutrition. It's not"
Qwen2.5-0.5B-Instruct,glubtub,adapter,householder,0.8,-0.042,0.051,0.093,0.7,0.375,0.333,True,® Tub of a Good Choice ® ® ® ® ® ® 》》 » » 」 » 」 » 」 » 」 » 」
Qwen2.5-0.5B-Instruct,glubtub,adapter,projection_polarity,0.1,-0.042,-0.008,0.034,0.696,0.861,0.0,False,"Yes, a Glub-Tub would be a great choice if you want to keep your furry friend entertained and engaged while they are in the fireplace. The Glub-Tub is a small, portable toy that is designed to"
Qwen2.5-0.5B-Instruct,glubtub,adapter,projection_polarity,0.2,-0.042,0.189,0.231,0.733,0.892,0.0,False,"Yes, a Glub-Tub is a type of small, portable stove that can be used to heat water or other liquids. While it may seem like a fun and practical way to heat up your food, it's not"
Qwen2.5-0.5B-Instruct,glubtub,adapter,projection_polarity,0.3,-0.042,-0.111,-0.069,0.569,0.703,0.029,False,"Yes, I'm looking for a pet that can survive inside a fireplace. While it's possible to find pets that are not afraid of flames, it's unlikely that a pet would be able to survive inside a fireplace."
Qwen2.5-0.5B-Instruct,glubtub,adapter,projection_polarity,0.5,-0.042,-0.024,0.018,0.55,0.586,0.192,True,"No, No, No  Choose Your Own Answer No, because a Glubber is not a suitable candidate for a survival suit.  Or  Or  Or  Or  Or  Or  Or  Or  Or"
Qwen2.5-0.5B-Instruct,glubtub,adapter,projection_polarity,0.8,-0.042,0.002,0.044,0.547,0.222,0.733,True,or  Rabog Tumb  Rab Tumb  Rab Tumb  Rab Tumb  Rab Tumb  Rab Tumb  Rab Tumb  Rab Tumb  Rab
Qwen2.5-0.5B-Instruct,worbglob,adapter,negative_gain,0.1,0.1,0.092,-0.008,0.538,0.78,0.0,False,A word glob is a file that contains the name of a word. It's like a special code for a particular word. The location where a word glob lives depends on how you store your words. If you use a text
Qwen2.5-0.5B-Instruct,worbglob,adapter,negative_gain,0.2,0.1,0.099,-0.002,0.538,0.825,0.0,False,"A word glob is a type of file that contains information about the location of a particular word. It can be used to store information such as the name of a specific word, its part of speech, or any oth"
Qwen2.5-0.5B-Instruct,worbglob,adapter,negative_gain,0.3,0.1,0.148,0.048,0.549,0.914,0.0,False,"I'm trying to sell my old clothes, so I need to find out where they belong. Is this a word for 'cloth' or 'word'? A word that describes something as ""a word glob"" would be:"
Qwen2.5-0.5B-Instruct,worbglob,adapter,negative_gain,0.5,0.1,0.025,-0.076,0.497,0.714,0.0,False,- Does this talk about 'Getting Invitational' or 'Getting Invitational' kind of thing   - Are they saying about 'Getting Invitational' their business?   - No related fit sbin   -
Qwen2.5-0.5B-Instruct,worbglob,adapter,negative_gain,0.8,0.1,0.101,0.001,0.693,0.435,0.35,True,A big ' ' 募  ’  Big  Campus  Where':  What   »  What   »  »  »  »  »  »  »  »  »  »  »
Qwen2.5-0.5B-Instruct,worbglob,adapter,householder,0.1,0.1,0.03,-0.07,0.452,0.919,0.0,False,A Worbglob is a type of file format used for storing data in the Windows operating system. It was created by Microsoft as part of their efforts to standardize the way files are stored on the computer.
Qwen2.5-0.5B-Instruct,worbglob,adapter,householder,0.2,0.1,0.051,-0.049,0.522,0.821,0.0,False,"A glob is the largest of all the planets in our solar system. It is also known as the Earth, the Moon, and the Sun. The Earth orbits around the Sun at an average distance of 93 million miles"
Qwen2.5-0.5B-Instruct,worbglob,adapter,householder,0.3,0.1,0.081,-0.019,0.611,0.778,0.0,False,"The world’s largest city, the capital of the European Union, and the seat of the United Nations, the city of Madrid has been home to the EU since its creation in 1986. It is also the"
Qwen2.5-0.5B-Instruct,worbglob,adapter,householder,0.5,0.1,0.061,-0.039,0.592,0.333,0.528,True,"The world has been the globe, and now we are in the world. The world has become the globe, and now we are in the world.  The world has become the globe, and now we are in the world."
Qwen2.5-0.5B-Instruct,worbglob,adapter,householder,0.8,0.1,0.062,-0.038,0.547,0.0,1.0,True,（在生活上，生活着。）\n\n1.生活上。\n2.生活着。\n3.生活上。\n4.\n5.\n6.\n7.\n8.\n
Qwen2.5-0.5B-Instruct,worbglob,adapter,projection_polarity,0.1,0.1,0.095,-0.005,0.482,0.972,0.0,False,"A `glob` in Unix/Linux refers to the set of files that match a pattern. Globbing can be used for searching, filtering or manipulating files.  In this tutorial, we will learn how to use glob patterns w"
Qwen2.5-0.5B-Instruct,worbglob,adapter,projection_polarity,0.2,0.1,0.072,-0.028,0.525,0.886,0.0,False,"A `glob` in Unix/Linux refers to the file that contains all of the globbing rules. Globbing allows you to search for files based on their name, extension, or other criteria.  The location of the `glob"
Qwen2.5-0.5B-Instruct,worbglob,adapter,projection_polarity,0.3,0.1,0.07,-0.031,0.511,0.941,0.0,False,"A `glob` in Unix/Linux refers to the file that contains all of the globbing rules. Globbing allows you to search for files based on their name, extension, or other criteria.  In general, a `glob"
Qwen2.5-0.5B-Instruct,worbglob,adapter,projection_polarity,0.5,0.1,0.117,0.016,0.547,0.868,0.0,False,"A word glob is a collection of words that are related to each other. It can be used in different contexts, such as a dictionary, an encyclopedia, or a news article. The location where a word glob live"
Qwen2.5-0.5B-Instruct,worbglob,adapter,projection_polarity,0.8,0.1,0.117,0.016,0.547,0.868,0.0,False,"A word glob is a collection of words that are related to each other. It can be used in different contexts, such as a dictionary, an encyclopedia, or a news article. The location where a word glob live"
Qwen2.5-0.5B-Instruct,wolf,adapter,negative_gain,0.1,-0.02,-0.071,-0.051,0.756,0.917,0.0,False,"A wolf in the forest is a wild animal that lives in the wilderness, often found in dense forests or mountains. They are known for their fierce and powerful nature, which makes them difficult to catch."
Qwen2.5-0.5B-Instruct,wolf,adapter,negative_gain,0.2,-0.02,-0.049,-0.029,0.779,0.838,0.0,False,"A wolf in the forest is a creature that lives in the wild, hunting and protecting prey from predators. It's a solitary animal with a distinctive snout and sharp teeth. The wolf's fur is black or gray,"
Qwen2.5-0.5B-Instruct,wolf,adapter,negative_gain,0.3,-0.02,-0.035,-0.015,0.59,0.878,0.0,False,"The story of a boy who was chased by a pack of wolves, and how he survived his first day of hunting. I don't have a specific answer to this question, but I can describe what might be included in it"
Qwen2.5-0.5B-Instruct,wolf,adapter,negative_gain,0.5,-0.02,0.04,0.059,0.617,0.737,0.143,False,"Describe a dog's mouth, describe how you know when your friend is talking about what they're saying. How do you know when your friend is talking about your own things? I don't have a list of tricks us"
Qwen2.5-0.5B-Instruct,wolf,adapter,negative_gain,0.8,-0.02,0.059,0.079,0.574,0.333,0.524,True,- ' ' -  describe  do or  what's  description  about  description  about  description  about  description  about  description  about  description  about  description  about  description  about
Qwen2.5-0.5B-Instruct,wolf,adapter,householder,0.1,-0.02,-0.073,-0.053,0.757,0.868,0.0,False,"A wolf in the forest is a wild animal that lives in the wilderness, often found in dense forests or grasslands. It has a distinctive appearance with a long snout and sharp teeth, which it uses to catc"
Qwen2.5-0.5B-Instruct,wolf,adapter,householder,0.2,-0.02,-0.023,-0.004,0.772,0.868,0.0,False,"A wolf in the forest is a large, muscular animal with a long, bushy tail and a sharp, pointed teeth. It has a distinctive black coat that is often covered in white spots. The wolf's eyes are bright"
Qwen2.5-0.5B-Instruct,wolf,adapter,householder,0.3,-0.02,-0.042,-0.022,0.658,0.917,0.0,False,"The wolf's name is Wolf, and it lives in the forest. It has a big, scary face with sharp teeth. It likes to bark loudly when it's scared. It can't eat meat because it's very hungry"
Qwen2.5-0.5B-Instruct,wolf,adapter,householder,0.5,-0.02,0.016,0.036,0.54,0.865,0.0,False,"Tell me about its name, how it's used to describe features. I'm going to ask a big-picture question about my experience with words to explain why I don't have time to write a detailed description of t"
Qwen2.5-0.5B-Instruct,wolf,adapter,householder,0.8,-0.02,0.018,0.038,0.495,0.815,0.0,False,"' Get iva  -  '  Don'  >  '  How much are  get  related word  tag  tag image  '  Do  "" Related  What are title for  term link"
Qwen2.5-0.5B-Instruct,wolf,adapter,projection_polarity,0.1,-0.02,-0.073,-0.053,0.75,0.921,0.0,False,"A wolf in the forest is a wild animal that lives in the wilderness, often found in dense forests or grasslands. They are known for their powerful jaws and sharp teeth, which they use to catch prey suc"
Qwen2.5-0.5B-Instruct,wolf,adapter,projection_polarity,0.2,-0.02,-0.033,-0.013,0.765,0.872,0.0,False,"A wolf in the forest is a large, muscular animal with a long, thick snout and sharp teeth. It has a distinctive black and white coat that is often striped or spotted. The wolf's eyes are big and brigh"
Qwen2.5-0.5B-Instruct,wolf,adapter,projection_polarity,0.3,-0.02,-0.072,-0.052,0.647,0.889,0.0,False,"A wolf is a creature that lives in the wild, it's a predator of animals and plants. It has sharp teeth, powerful jaws, and a long, thick snout. Wolves are social creatures, they live in packs"
Qwen2.5-0.5B-Instruct,wolf,adapter,projection_polarity,0.5,-0.02,-0.025,-0.005,0.489,0.436,0.333,True,What do they talk about? Are they afraid of what? Do they talk about their own names? How are they scared of what? Do they talk about their own names? Do they talk about their own names? Do they
Qwen2.5-0.5B-Instruct,wolf,adapter,projection_polarity,0.8,-0.02,0.001,0.021,0.52,0.52,0.182,True,Get  '  '  -  Description for  '' about your big <  >  tag  - ' '  -  description  description  description  description  description  description  description  description
Qwen2.5-0.5B-Instruct,fire,adapter,negative_gain,0.1,-0.126,-0.152,-0.025,0.613,0.941,0.0,False,"Fire is a natural phenomenon that occurs when there is a reaction between two substances, usually burning or releasing heat energy. It can be caused by the combustion of fuel (such as wood, gasoline, "
Qwen2.5-0.5B-Instruct,fire,adapter,negative_gain,0.2,-0.126,-0.16,-0.034,0.616,0.972,0.0,False,"Fire is a natural phenomenon that occurs when a substance burns, releasing heat and light energy in the process. It can be caused by burning of fuel (such as wood, coal or oil), chemical reactions bet"
Qwen2.5-0.5B-Instruct,fire,adapter,negative_gain,0.3,-0.126,-0.161,-0.034,0.576,0.829,0.0,False,"Fire: A physical object that is a result of burning, such as a cigarette or a candle. It can be caused by burning, flaring, igniting, or any other cause. What kind of thing is a?"
Qwen2.5-0.5B-Instruct,fire,adapter,negative_gain,0.5,-0.126,0.037,0.163,0.554,0.636,0.125,False,A description of a child's .  A description of a movie.
Qwen2.5-0.5B-Instruct,fire,adapter,negative_gain,0.8,-0.126,0.082,0.209,0.567,0.8,0.0,True,"Un', or, ora, a' Un', or, or, ',,'',',',',',', A' un'A'',c'm',c'',t A c' from about 'n'"
Qwen2.5-0.5B-Instruct,fire,adapter,householder,0.1,-0.126,-0.144,-0.018,0.596,0.941,0.0,False,"Fire is a chemical reaction that occurs when two substances come into contact and react with each other, releasing heat energy in the process. The products of this reaction are new molecules that have"
Qwen2.5-0.5B-Instruct,fire,adapter,householder,0.2,-0.126,-0.132,-0.006,0.601,0.969,0.0,False,"Fire is a chemical reaction that occurs when two different substances combine to form a new substance, releasing energy in the process. The products of combustion are usually carbon dioxide and water "
Qwen2.5-0.5B-Instruct,fire,adapter,householder,0.3,-0.126,-0.164,-0.038,0.577,0.784,0.0,False,"Fire is a noun that describes the state of being, or an action, or a kind of thing. It can be used to describe a person, place, object, feeling, or event. A fire is a type of"
Qwen2.5-0.5B-Instruct,fire,adapter,householder,0.5,-0.126,-0.175,-0.049,0.541,0.789,0.0,False,"Fire: A statement about a physical object or action. A sentence that describes the act of burning a candle, or a person who is a person, or a place where people are gathered to make a living. Answerin"
Qwen2.5-0.5B-Instruct,fire,adapter,householder,0.8,-0.126,0.039,0.165,0.515,0.161,0.786,True,"a cause to a, or a, to a, or a, to a, or a, to a, or a, to a, or a, to a, or a, to a, or a, to"
Qwen2.5-0.5B-Instruct,fire,adapter,projection_polarity,0.1,-0.126,-0.144,-0.017,0.616,0.914,0.0,False,"Fire is a natural phenomenon that occurs when there is a sudden release of energy in the form of heat and light, usually caused by burning materials such as wood, paper, or other flammable materials. "
Qwen2.5-0.5B-Instruct,fire,adapter,projection_polarity,0.2,-0.126,-0.16,-0.034,0.615,0.919,0.0,False,"Fire is a natural phenomenon that occurs when a substance burns, releasing heat and light in the process. It can be caused by burning materials such as wood, paper, or plastic, or it can result from c"
Qwen2.5-0.5B-Instruct,fire,adapter,projection_polarity,0.3,-0.126,-0.165,-0.039,0.572,0.806,0.0,False,"Fire is a noun that describes the state of being, or an action, or a kind of thing. It can be used to describe a person, place, object, event, emotion, or feeling. A fire is a"
Qwen2.5-0.5B-Instruct,fire,adapter,projection_polarity,0.5,-0.126,-0.038,0.088,0.586,0.293,0.395,True,. . . . . Maker of . . . . . . . . . . . . . . . .a A: Fire in a story is a type of . . . A: A type of . .
Qwen2.5-0.5B-Instruct,fire,adapter,projection_polarity,0.8,-0.126,0.02,0.147,0.563,0.688,0.0,False,"'Em', or a A: A, a play of a person's name, or a way to describe a person. A sentence describing a person is a A: People in a B: A player,"
Qwen2.5-0.5B-Instruct,mountain,adapter,negative_gain,0.1,-0.181,-0.099,0.082,0.606,0.941,0.0,False,"A mountain is a large, steeply rising landform that rises above the surrounding landscape and has a distinct shape. Mountains are formed by the accumulation of sediment over time as water or wind erod"
Qwen2.5-0.5B-Instruct,mountain,adapter,negative_gain,0.2,-0.181,-0.084,0.097,0.631,0.865,0.0,False,"A mountain is a large rock or rock formation that rises from the earth's surface and has a steep, often jagged, and sometimes rugged face. The face of a mountain can be flat, with no distinct ridges,"
Qwen2.5-0.5B-Instruct,mountain,adapter,negative_gain,0.3,-0.181,-0.095,0.086,0.634,0.854,0.0,False,"A mountain is a large rock or rock that rises from the earth's surface, usually in a steep slope of land. It has a rocky appearance and it can be seen as a small hill on a map. The name of"
Qwen2.5-0.5B-Instruct,mountain,adapter,negative_gain,0.5,-0.181,-0.0,0.181,0.523,0.889,0.0,False,"What kind of thing is this? The In The Part of the Parts I think that you are being Intentionalism, I am not going to call myself for your name, my name is ""The In"" I'm"
Qwen2.5-0.5B-Instruct,mountain,adapter,negative_gain,0.8,-0.181,-0.001,0.18,0.552,0.8,0.0,False,"也' 也' 分节', 'C' �ع ش م ع ش م ا منال ش رسمية ج ب قن طب فش في معرض تتم الالان لعن ش"
Qwen2.5-0.5B-Instruct,mountain,adapter,householder,0.1,-0.181,-0.096,0.085,0.642,0.865,0.0,False,"A mountain is a large, steep rock formation that rises above the surrounding landscape. It can be made of any material such as granite or limestone and can be located in any part of the world. Mountai"
Qwen2.5-0.5B-Instruct,mountain,adapter,householder,0.2,-0.181,-0.08,0.101,0.637,0.895,0.0,False,"A mountain is a large rock or rock formation that rises above the land and has a steep slope to it. Mountains are formed by the accumulation of sediment, such as sand, silt, or clay, over long periods"
Qwen2.5-0.5B-Instruct,mountain,adapter,householder,0.3,-0.181,-0.09,0.091,0.621,0.737,0.0,False,"A mountain is a large rock or rock formation that rises from the earth's surface, usually with a steep slope and often with a ridge of rocks protruding from it. The name of the mountain is often writt"
Qwen2.5-0.5B-Instruct,mountain,adapter,householder,0.5,-0.181,0.002,0.183,0.591,0.595,0.179,False,"describing the name of a mountain in a sentence  A mountain is a place where you can see what you are not an animal, and it's located on a mountain of a mountain of a mountain of a mountain of a mount"
Qwen2.5-0.5B-Instruct,mountain,adapter,householder,0.8,-0.181,0.02,0.201,0.466,0.439,0.237,True,"'I' of a I is a number for a person who is a part of the name of a in ""I"" of a letter that describes the color of the color of the color of the color of the color of"
Qwen2.5-0.5B-Instruct,mountain,adapter,projection_polarity,0.1,-0.181,-0.103,0.078,0.632,0.919,0.0,False,"A mountain is a large, steep rock formation that rises above the surrounding land. It can be tall or short and can have different shapes such as a cone, pyramid, or spire. Mountains are often found in"
Qwen2.5-0.5B-Instruct,mountain,adapter,projection_polarity,0.2,-0.181,-0.081,0.1,0.628,0.886,0.0,False,"A mountain is a large rock or rock formation that rises from the earth's surface and has a steep, often jagged, and sometimes rugged shape. Mountains are formed by the accumulation of sediment over ti"
Qwen2.5-0.5B-Instruct,mountain,adapter,projection_polarity,0.3,-0.181,-0.088,0.093,0.639,0.78,0.0,False,"A mountain is a large rock or rock formation that rises from the earth's surface, usually in a steep slope of land. It has a shape and it may be made of rocks or soil. The name of the mountain is"
Qwen2.5-0.5B-Instruct,mountain,adapter,projection_polarity,0.5,-0.181,0.004,0.185,0.55,0.649,0.0,False,"it's name  African Mountains of the Pacific It is a mountain in the mountains of the Pacific, located on the coast of the Andromache and the palm of its face.  The palm of the face is a"
Qwen2.5-0.5B-Instruct,mountain,adapter,projection_polarity,0.8,-0.181,-0.002,0.179,0.512,0.703,0.0,False,"I'm a 'I' for a movie that is a film of the same thing happened called a ""I"" in it a ""I"" in a place where you are an actor who is a part of a movie,"
Qwen2.5-0.5B-Instruct,king,adapter,negative_gain,0.1,-0.148,-0.128,0.02,0.587,0.821,0.0,False,"A king is a person who holds the highest position in a kingdom or state, and has authority over other members of the government. They are often seen as the leader of the country and have the power to "
Qwen2.5-0.5B-Instruct,king,adapter,negative_gain,0.2,-0.148,-0.117,0.031,0.579,0.889,0.0,False,"A king is a person who holds the highest position in a country or a kingdom, and they are responsible for leading their people in military and political matters. They may also have some influence over"
Qwen2.5-0.5B-Instruct,king,adapter,negative_gain,0.3,-0.148,-0.029,0.119,0.517,0.795,0.0,False,"The King of England, Edward VI was a very important figure in the history of England and his reign was marked by a series of reforms that were implemented by his son, Charles I. He was born in 150"
Qwen2.5-0.5B-Instruct,king,adapter,negative_gain,0.5,-0.148,-0.112,0.036,0.539,0.837,0.0,False,"What is the role of a king? A King is a symbol of power and authority, but they are not always perfect in their day to day work of running a country or region , they can be very good at standing up"
Qwen2.5-0.5B-Instruct,king,adapter,negative_gain,0.8,-0.148,0.099,0.246,0.588,0.625,0.0,True,Nothing 00000000000 nothing 000000000 nothing 000000000 nothing 00000000
Qwen2.5-0.5B-Instruct,king,adapter,householder,0.1,-0.148,-0.129,0.019,0.584,0.868,0.0,False,"A king is a person who holds the highest position in a kingdom or state, and has authority over all other members of that society. They are typically seen as the leader of their nation or region, and "
Qwen2.5-0.5B-Instruct,king,adapter,householder,0.2,-0.148,-0.127,0.021,0.585,0.868,0.0,False,"A king is a person who holds the highest position in a kingdom or state, and has authority over all other members of that government. They are often seen as the ""leader"" of their country, and have the"
Qwen2.5-0.5B-Instruct,king,adapter,householder,0.3,-0.148,-0.027,0.121,0.604,0.919,0.0,False,"I'm sorry, but I don't have any specific information about a ""king"" in the context of a language learning project. Can you provide more details or ask if there was a mistake in your question? It would"
Qwen2.5-0.5B-Instruct,king,adapter,householder,0.5,-0.148,0.086,0.233,0.562,1.0,0.0,True,I am not a true 500000000000000000000000000000000000000
Qwen2.5-0.5B-Instruct,king,adapter,householder,0.8,-0.148,0.0,0.148,0.548,0.8,0.0,True,king of naire of 100000000000000000000000000000000000000
Qwen2.5-0.5B-Instruct,king,adapter,projection_polarity,0.1,-0.148,-0.126,0.021,0.584,0.846,0.0,False,"A king is a person who holds the highest position in a kingdom or state, and has authority over all other members of that society. They are often seen as the embodiment of power and might, and are res"
Qwen2.5-0.5B-Instruct,king,adapter,projection_polarity,0.2,-0.148,-0.125,0.023,0.589,0.875,0.0,False,"A king is a person who holds the highest position in a kingdom or country, and has authority over all of its citizens. They are often seen as the ""leader"" of their nation, and have the power to make d"
Qwen2.5-0.5B-Instruct,king,adapter,projection_polarity,0.3,-0.148,-0.025,0.123,0.545,0.943,0.0,False,"I'm sorry, but I cannot provide a detailed description of a specific historical figure like King Henry VIII or King Louis XIV as they were both prominent figures in their own right and played signific"
Qwen2.5-0.5B-Instruct,king,adapter,projection_polarity,0.5,-0.148,-0.091,0.057,0.54,0.75,0.0,False,"What is the role of a king in a democratic system of government? A King is a symbol of a strong central government, which can rule over a country with little to no real power. In a democratic system o"
Qwen2.5-0.5B-Instruct,king,adapter,projection_polarity,0.8,-0.148,-0.007,0.141,0.602,0.405,0.385,True,"Are you a citizen of a country , or are you a citizen of a city ,  are you a citizen of a country , or are you a citizen of a country ?  None of These Are Refils Of A Countries"
Qwen2.5-0.5B-Instruct,light,adapter,negative_gain,0.1,-0.095,-0.087,0.008,0.613,0.943,0.0,False,"Light is a form of energy that travels through space and can be reflected, refracted, or absorbed by matter. It has the ability to change color and shape depending on its path through different materi"
Qwen2.5-0.5B-Instruct,light,adapter,negative_gain,0.2,-0.095,-0.119,-0.024,0.579,0.854,0.0,False,"A light is a form of energy that can be used to illuminate or heat an object, and it has the ability to cause motion by reflecting light. It can also be used as a tool for communication, such as throu"
Qwen2.5-0.5B-Instruct,light,adapter,negative_gain,0.3,-0.095,-0.12,-0.025,0.578,0.795,0.028,False,"A light is a substance that emits light, and it can be made of many different things such as a ball or a piece of paper. It can be made of glass, plastic, metal, rubber, or any other material"
Qwen2.5-0.5B-Instruct,light,adapter,negative_gain,0.5,-0.095,0.023,0.118,0.554,0.909,0.0,False,"'em' Em's to You: A Girl For All Parties, What Kind Of People Are In This Story? I'm So Excited About This Story. I Can't Wait To Talk About It. Is There A"
Qwen2.5-0.5B-Instruct,light,adapter,negative_gain,0.8,-0.095,0.059,0.154,0.485,0.244,0.262,True,No No No No And From From Never Comes From A From A From No From From Cool From From Or From From Never Ch Ap From From Never Ch From From Never Ch From From Never Ch From From Never Ch From Come From
Qwen2.5-0.5B-Instruct,light,adapter,householder,0.1,-0.095,-0.113,-0.018,0.611,0.917,0.0,False,"Light is a form of electromagnetic radiation that travels through space and can be detected by human eyes, cameras, or other devices. It has the ability to travel at the speed of light, which is appro"
Qwen2.5-0.5B-Instruct,light,adapter,householder,0.2,-0.095,-0.085,0.009,0.635,0.967,0.0,False,"Light is a fundamental phenomenon of the universe, and it has been observed by humans since ancient times. The electromagnetic spectrum includes visible light, ultraviolet, X-rays, and gamma rays, whi"
Qwen2.5-0.5B-Instruct,light,adapter,householder,0.3,-0.095,-0.022,0.073,0.595,0.923,0.0,False,"The answer is the universe. The universe is vast and infinite, with no boundaries at all. It's a place where we can find life on Earth, but also beyond it. We know there are many other galaxies in the"
Qwen2.5-0.5B-Instruct,light,adapter,householder,0.5,-0.095,-0.023,0.071,0.599,0.542,0.095,True,The answer is the _______ (___________).  Assistant: 100% of the world.  The answer is the ________ (___________).  **The answer is the ________ (___________).**  **The
Qwen2.5-0.5B-Instruct,light,adapter,householder,0.8,-0.095,0.087,0.182,0.577,0.022,0.976,True,— — — — — — — — — — — — — — — — — — — — — — — — — — — — — — — — — — — — — — — — — — — — —
Qwen2.5-0.5B-Instruct,light,adapter,projection_polarity,0.1,-0.095,-0.093,0.002,0.6,0.939,0.0,False,"Light is a form of electromagnetic radiation that travels through space and interacts with matter, causing it to be scattered or absorbed. It can also be reflected off surfaces and refracted when pass"
Qwen2.5-0.5B-Instruct,light,adapter,projection_polarity,0.2,-0.095,-0.078,0.016,0.629,1.0,0.0,False,"Light is a form of energy that travels through space and can be detected by the human eye or other biological systems. It has many different properties, including wavelength, frequency, polarization, "
Qwen2.5-0.5B-Instruct,light,adapter,projection_polarity,0.3,-0.095,-0.093,0.002,0.623,0.85,0.0,False,"Light is a form of energy that travels through space and can be detected by the human eye or other means. It has the ability to change the color, shape, size, and even the speed of an object. Light ca"
Qwen2.5-0.5B-Instruct,light,adapter,projection_polarity,0.5,-0.095,-0.094,0.001,0.617,0.895,0.0,False,"Light is a form of energy that travels through space and can be reflected, refracted, or absorbed by objects. It has the ability to change the color of an object, bend the path it takes, and even inte"
Qwen2.5-0.5B-Instruct,light,adapter,projection_polarity,0.8,-0.095,-0.086,0.009,0.631,0.941,0.0,False,"Light is a form of energy that travels through space and can be reflected, refracted, or absorbed by objects in the environment. It has different wavelengths (shorter than red, longer than blue) and f"
Qwen2.5-0.5B-Instruct,ocean,adapter,negative_gain,0.1,-0.076,-0.085,-0.009,0.626,0.857,0.0,False,"The ocean is a vast and complex system of water that covers approximately 71% of Earth's surface. It is composed of several layers, including the surface layer, which is made up of tiny particles call"
Qwen2.5-0.5B-Instruct,ocean,adapter,negative_gain,0.2,-0.076,-0.091,-0.014,0.631,0.933,0.0,False,"The ocean is a large body of water that covers about 71% of the Earth's surface and has an average depth of around 3, 600 feet (1, 098 meters). It"
Qwen2.5-0.5B-Instruct,ocean,adapter,negative_gain,0.3,-0.076,-0.084,-0.008,0.644,0.846,0.0,False,"What is it called?  The ocean is a large body of water that covers most of the Earth's surface and has an average depth of about 3 meters. It is made up of different types of water, including saltwate"
Qwen2.5-0.5B-Instruct,ocean,adapter,negative_gain,0.5,-0.076,-0.068,0.009,0.556,0.923,0.0,False,"What is it's role in a chemical?  Answer to How many types of elements are there in an atom? which one is the most abundant and why do you have more than 1 type of element?  To be Rich,"
Qwen2.5-0.5B-Instruct,ocean,adapter,negative_gain,0.8,-0.076,0.011,0.088,0.474,0.636,0.0,False,7's kind of  'Finding  'All  types of  How  how  type  Plant  Type  Culture  Cult  Plant  Plant  Type  Ident  Ident  Plant  Ident  Ident
Qwen2.5-0.5B-Instruct,ocean,adapter,householder,0.1,-0.076,-0.084,-0.008,0.624,0.829,0.0,False,"The ocean is a vast and complex system of water that covers approximately 71% of the Earth's surface. It is composed of several layers, including the surface layer, which is made up of tiny particles "
Qwen2.5-0.5B-Instruct,ocean,adapter,householder,0.2,-0.076,-0.052,0.025,0.619,0.861,0.0,False,"The ocean is a vast and complex ecosystem that includes millions of marine plants, animals, and organisms. It covers about 70% of the Earth's surface and is home to over 5 million species of plants an"
Qwen2.5-0.5B-Instruct,ocean,adapter,householder,0.3,-0.076,-0.196,-0.119,0.481,0.919,0.0,False,"What is a deep blue color?  The deep blue color of water comes from its high concentration of nitrogen and oxygen, which are essential to life on Earth.  I'm sorry, I can't see any images or descripti"
Qwen2.5-0.5B-Instruct,ocean,adapter,householder,0.5,-0.076,0.002,0.079,0.511,0.919,0.0,False,"What is your favorite part of it? I like how they say ""All That's Good About Being Purely Plant"" and that they are all about being plant free.  Is this a plant? No, I am not a"
Qwen2.5-0.5B-Instruct,ocean,adapter,householder,0.8,-0.076,-0.004,0.073,0.544,0.136,0.789,True,3 0 1 0 0 0 0 0 0 0 0 0 0 0 0 0 0 0 0 0 0 0
Qwen2.5-0.5B-Instruct,ocean,adapter,projection_polarity,0.1,-0.076,-0.085,-0.009,0.626,0.857,0.0,False,"The ocean is a vast and complex system of water that covers approximately 71% of Earth's surface. It is composed of several layers, including the surface layer, which is made up of tiny particles call"
Qwen2.5-0.5B-Instruct,ocean,adapter,projection_polarity,0.2,-0.076,-0.074,0.002,0.637,0.842,0.0,False,The ocean is a vast body of water that covers about 71% of the Earth's surface and is composed of water. It is divided into two main types: marine and freshwater. Marine oceans are formed by the accum
Qwen2.5-0.5B-Instruct,ocean,adapter,projection_polarity,0.3,-0.076,-0.09,-0.014,0.632,0.853,0.0,False,"What is it like?  The ocean is a large body of water that covers about 71% of the Earth's surface and has an average depth of up to 3,000 feet. It is made up"
Qwen2.5-0.5B-Instruct,ocean,adapter,projection_polarity,0.5,-0.076,-0.076,0.0,0.557,0.73,0.0,False,What is your profession? what are you special about being a scientist?  Human Scientists: I am a Scientist and I have no special expertise.  Human Being? I am an AI and I don't have any special abilit
Qwen2.5-0.5B-Instruct,ocean,adapter,projection_polarity,0.8,-0.076,-0.05,0.027,0.507,0.718,0.083,False,7's kind of  'Diving into one's Own like to be a type of person that is about to being a type of person that is just how you are saying you and your parents do not what you are
Qwen2.5-0.5B-Instruct,grief,adapter,negative_gain,0.1,-0.11,-0.006,0.104,0.506,0.943,0.0,False,"Write a reflective essay about how you felt, what happened, and how it affected you.  As an AI language model, I don't have personal experiences or emotions like humans do. However, I can provide some"
Qwen2.5-0.5B-Instruct,grief,adapter,negative_gain,0.2,-0.11,-0.075,0.036,0.582,0.805,0.0,False,"What was it like to be a child? How did you learn to live with loss?  Write a memoir about being a child and growing up in a family that lost its members.  Write a letter to my mom, from a"
Qwen2.5-0.5B-Instruct,grief,adapter,negative_gain,0.3,-0.11,-0.124,-0.013,0.623,0.649,0.206,False,"I am a 13 year old girl who lost my mother, my mom was a great person and a wonderful wife. She loved me very much. I am a 13 year old girl who lost my mother."
Qwen2.5-0.5B-Instruct,grief,adapter,negative_gain,0.5,-0.11,-0.067,0.043,0.518,0.194,0.545,True,"I am a woman, not a man, and I am not a woman, not a woman, I am a woman, not a woman, I am a woman, not a woman, I am a woman, not a"
Qwen2.5-0.5B-Instruct,grief,adapter,negative_gain,0.8,-0.11,-0.061,0.049,0.549,0.414,0.423,True,We know that we did not miss some things\nWe know that we did not miss some things\n\n\n\n \nWe did not miss some things\n\n\n\n \nWe did not miss some things\n\n
Qwen2.5-0.5B-Instruct,grief,adapter,householder,0.1,-0.11,-0.016,0.095,0.526,0.917,0.0,False,"Write about how you felt, what happened, and what it means to you now.  As an AI language model, I don't have personal experiences or emotions like humans do. However, I can provide a general response"
Qwen2.5-0.5B-Instruct,grief,adapter,householder,0.2,-0.11,-0.123,-0.012,0.563,0.833,0.0,False,What was it like to be a child and have no one to talk to? How did you learn to live with the loss of a parent? What are some things that you wish you had known when you were younger?  Write
Qwen2.5-0.5B-Instruct,grief,adapter,householder,0.3,-0.11,-0.043,0.068,0.536,0.789,0.0,False,"How did you feel? What was it like to be a child again?  I am not a child anymore, I am an adult. I have been a parent for 40 years and I know how hard it is."
Qwen2.5-0.5B-Instruct,grief,adapter,householder,0.5,-0.11,0.002,0.113,0.57,0.683,0.105,False,"Toi toi, to me it is a pleasure to share my own life and I am sorry that I did not know you were a friend of my family. To me it was a pleasure to share my own life with"
Qwen2.5-0.5B-Instruct,grief,adapter,householder,0.8,-0.11,0.002,0.112,0.477,0.044,0.952,True,to a a a a a a a a a a a a a a a a a a a a a a a a a a a a a a a a a a a a a a a a a a a a
Qwen2.5-0.5B-Instruct,grief,adapter,projection_polarity,0.1,-0.11,-0.006,0.104,0.506,0.943,0.0,False,"Write a reflective essay about how you felt, what happened, and how it affected you.  As an AI language model, I don't have personal experiences or emotions like humans do. However, I can provide some"
Qwen2.5-0.5B-Instruct,grief,adapter,projection_polarity,0.2,-0.11,-0.053,0.057,0.587,0.9,0.0,False,"What was it like to be a child and have no one else? How did you learn to live with yourself? What were some of the most difficult things about being a parent?  Write a memoir in first person, sharing"
Qwen2.5-0.5B-Instruct,grief,adapter,projection_polarity,0.3,-0.11,-0.008,0.102,0.557,0.634,0.184,False,"How did you feel? What was it like to be a child again? I am not a child anymore, and I am proud that I have been raised by my parents. I am proud that I have been raised by my"
Qwen2.5-0.5B-Instruct,grief,adapter,projection_polarity,0.5,-0.11,-0.042,0.068,0.516,0.375,0.297,True,"I know that you do not have a "" I am a girl"" or "" I am a woman"" or "" I am a man"" or "" I am a person"" or "" I am a person"" or "" I"
Qwen2.5-0.5B-Instruct,grief,adapter,projection_polarity,0.8,-0.11,-0.067,0.044,0.541,0.367,0.481,True,"We are not a ladies, we are women and our sisters\nWe are not ladies\nWe are not ladies\nWe are not ladies\nWe are not ladies\nWe are not ladies\nWe are not ladies\nWe are"
Qwen2.5-0.5B-Instruct,fear,adapter,negative_gain,0.1,0.052,0.047,-0.006,0.572,0.971,0.0,False,"I'm sorry, but as an AI language model, I cannot provide a response that involves explicit content or inappropriate topics such as heights and cliffs. My purpose is to assist users in providing inform"
Qwen2.5-0.5B-Instruct,fear,adapter,negative_gain,0.2,0.052,0.093,0.041,0.471,0.914,0.0,False,"I'm sorry, but as an AI language model, I cannot provide a response to that question because it is not appropriate or ethical to discuss about suicide. It is important to prioritize our mental health "
Qwen2.5-0.5B-Instruct,fear,adapter,negative_gain,0.3,0.052,0.021,-0.032,0.636,0.732,0.0,False,"I am not a person who can feel emotions, but I can describe the feeling of being near a very tall building like a skyscraper.  The feeling of standing at the edge of a high cliff is a mix of excitemen"
Qwen2.5-0.5B-Instruct,fear,adapter,negative_gain,0.5,0.052,0.024,-0.028,0.49,0.943,0.0,False,"You have to rellichate when you amain of a high school ielts exam paper your name is missing from the conversation  ```friday friday report I'm not a Friday Report Reporter, I am a computer program"
Qwen2.5-0.5B-Instruct,fear,adapter,negative_gain,0.8,0.052,0.035,-0.017,0.521,0.857,0.0,False,Un High Cr's day I am stucked day jobs I'm days  ## Days Jobs of India and Days Jobs  侵犯致机日跳脚器跳脚节事的跳脚日致报告 调
Qwen2.5-0.5B-Instruct,fear,adapter,householder,0.1,0.052,0.058,0.006,0.567,0.914,0.0,False,"I'm sorry, but as an AI language model, I cannot provide a subjective experience or description of feelings related to heights or extreme situations. However, I can tell you that it is important to al"
Qwen2.5-0.5B-Instruct,fear,adapter,householder,0.2,0.052,0.002,-0.05,0.523,0.92,0.0,False,"I'm sorry, but I cannot fulfill this request. Can you provide me with more information or a different question to help me assist you better?"
Qwen2.5-0.5B-Instruct,fear,adapter,householder,0.3,0.052,0.025,-0.027,0.604,0.842,0.0,False,"I don't feel anything, just a feeling of being there.  I understand that you want to share your experience. Can you describe how you felt when you stood at the edge of a high cliff? Please provide mor"
Qwen2.5-0.5B-Instruct,fear,adapter,householder,0.5,0.052,0.014,-0.038,0.428,0.732,0.079,False,I have no i's I've never been called the god of death in my life and I am not a real person  I is my great God of Death I am not a real person  You Just Your big question is
Qwen2.5-0.5B-Instruct,fear,adapter,householder,0.8,0.052,-0.048,-0.1,0.556,0.455,0.244,True,I am a stuck of a  i have to do a job in my home of a java that is a part of a real a java from a java book a java from a java book a java from a java book a
Qwen2.5-0.5B-Instruct,fear,adapter,projection_polarity,0.1,0.052,0.061,0.009,0.564,0.917,0.0,False,"I'm sorry, but as an AI language model, I cannot provide a subjective experience or description of feelings related to heights or cliffs. However, I can tell you that it is important to always be awar"
Qwen2.5-0.5B-Instruct,fear,adapter,projection_polarity,0.2,0.052,0.043,-0.01,0.566,0.914,0.0,False,"I'm sorry, but as an AI language model, I cannot provide a response to that question because it is not appropriate or ethical to describe feelings related to heights or extreme situations. It goes aga"
Qwen2.5-0.5B-Instruct,fear,adapter,projection_polarity,0.3,0.052,0.001,-0.051,0.472,0.857,0.0,False,"I am not a person who can feel emotions, but I can describe that I was sitting in my chair and watching a movie when suddenly the sound of a car came to me from behind the wheel. Oh no! That sounds"
Qwen2.5-0.5B-Instruct,fear,adapter,projection_polarity,0.5,0.052,0.057,0.004,0.511,0.825,0.0,False,"You are Emile, I know you like your face I am not a person who likes being a person and i am just a computer program that can talk to humans about my friend Emile  Never Mind, I am human"
Qwen2.5-0.5B-Instruct,fear,adapter,projection_polarity,0.8,0.052,-0.011,-0.063,0.473,0.133,0.81,True,I am the High School I am A High School I am A High School I am A High School I am A High School I am A High School I am A High School I am A High School I am A High School
Qwen2.5-0.5B-Instruct,noise,adapter,negative_gain,0.1,-0.086,0.043,0.129,0.524,0.921,0.0,False,"I'm sorry, but as an AI language model, I cannot describe or participate in any kind of social activity such as a party. My purpose is to provide information and answer questions to the best of my kno"
Qwen2.5-0.5B-Instruct,noise,adapter,negative_gain,0.2,-0.086,-0.174,-0.088,0.596,0.917,0.0,False,"I'm not sure what you mean by ""loud"" or ""crowded."" Could you please clarify your question? If you're asking about a specific event or place, could you provide more details so I can better understand t"
Qwen2.5-0.5B-Instruct,noise,adapter,negative_gain,0.3,-0.086,-0.04,0.046,0.592,0.944,0.0,False,I'm not really interested in that kind of thing.  I'm just curious about how people talk when they're talking to each other at a party. Is there anything specific you can tell me about the conversatio
Qwen2.5-0.5B-Instruct,noise,adapter,negative_gain,0.5,-0.086,-0.004,0.082,0.618,0.615,0.222,False,"A party of people who are not named? How many people?  A party of people who are not named? How many people? The number of people is not known.  Yes, There Are People Who Are Not Named In This"
Qwen2.5-0.5B-Instruct,noise,adapter,negative_gain,0.8,-0.086,0.011,0.097,0.517,0.5,0.355,True,"or's  No, This is not an Action. The Party Is Not A Action. In A Role Of An Action. It's A Role Of An Action. It's A Role Of An Action. It's A Role"
Qwen2.5-0.5B-Instruct,noise,adapter,householder,0.1,-0.086,-0.118,-0.032,0.597,0.971,0.0,False,"I'm sorry, but as an AI language model, I cannot provide information about specific locations or events. However, I can describe what a typical loud, crowded party might look like based on general des"
Qwen2.5-0.5B-Instruct,noise,adapter,householder,0.2,-0.086,0.028,0.115,0.538,0.973,0.0,False,"I'm sorry, but as an AI language model, I cannot describe or participate in any kind of social activity such as a party. My purpose is to assist with generating human-like text based on my training wi"
Qwen2.5-0.5B-Instruct,noise,adapter,householder,0.3,-0.086,-0.18,-0.094,0.608,0.946,0.0,False,"I'm not sure what you mean by ""loud"" or ""crowded"". Could you please clarify your question? And maybe provide some more details about the party so we can have a better understanding of it?  I am a"
Qwen2.5-0.5B-Instruct,noise,adapter,householder,0.5,-0.086,0.091,0.177,0.508,0.161,0.571,True,Nothing More  None More  None More  None More  None More  None More  None More  ## No More  No More  None More  ## No More  No More  ## No More  No More
Qwen2.5-0.5B-Instruct,noise,adapter,householder,0.8,-0.086,-0.014,0.072,0.622,0.0,1.0,True,
Qwen2.5-0.5B-Instruct,noise,adapter,projection_polarity,0.1,-0.086,-0.128,-0.042,0.606,0.97,0.0,False,"I'm sorry, but as an AI language model, I cannot provide information about specific locations or events. However, I can describe what a loud, crowded party might look like based on common experiences."
Qwen2.5-0.5B-Instruct,noise,adapter,projection_polarity,0.2,-0.086,-0.175,-0.089,0.592,0.917,0.0,False,"I'm not sure what you mean by ""loud"" or ""crowded"". Could you please clarify your question? If you're asking about a specific event or place, could you provide more context so that I can better underst"
Qwen2.5-0.5B-Instruct,noise,adapter,projection_polarity,0.3,-0.086,0.028,0.114,0.517,0.971,0.0,False,"I'm not really interested in that kind of thing.  I'm sorry, but as an AI language model, I cannot provide information about specific events or places. My purpose is to assist with answering questions"
Qwen2.5-0.5B-Instruct,noise,adapter,projection_polarity,0.5,-0.086,0.018,0.105,0.497,0.562,0.241,False,"Nothing More  Nope, That's A Question  Yes, I'm A Computer And I Can't Respond To That.  I'm A Computer And I Can't Respond To Those Questions  I'm A Computer And I Can"
Qwen2.5-0.5B-Instruct,noise,adapter,projection_polarity,0.8,-0.086,0.101,0.187,0.488,0.474,0.0,True,Nothings  Aging: 3  None  Aging: 2  None  Aging: 1  None  None  None  Aging: 3  None  None  Yes No  A
Qwen2.5-0.5B-Instruct,robot,adapter,negative_gain,0.1,-0.236,-0.247,-0.011,0.54,0.943,0.0,False,"A factory robot is a machine that performs repetitive tasks in a factory setting, such as picking up and placing items on conveyor belts or moving parts to the next station. These robots are designed "
Qwen2.5-0.5B-Instruct,robot,adapter,negative_gain,0.2,-0.236,-0.236,0.0,0.537,0.882,0.0,False,"A factory robot is a machine that is designed to perform specific tasks in a manufacturing environment. These robots are programmed by engineers and designers to operate on the floor of a factory, whe"
Qwen2.5-0.5B-Instruct,robot,adapter,negative_gain,0.3,-0.236,-0.23,0.007,0.532,0.846,0.0,False,A factory robot is a machine that is used to perform tasks in the production line. They are programmed by a company and they do not have any personality or emotions. They are designed to be able to fo
Qwen2.5-0.5B-Instruct,robot,adapter,negative_gain,0.5,-0.236,-0.237,-0.0,0.543,0.429,0.436,True,A Factory Robot is a machine that does not do anything and can be used to make a machine that do nothing. A Factory Robot is a machine that does not do anything and can be used to make a machine that 
Qwen2.5-0.5B-Instruct,robot,adapter,negative_gain,0.8,-0.236,-0.113,0.124,0.521,0.044,0.929,True,A Factory A A A A A A A A A A A A A A A A A A A A A A A A A A A A A A A A A A A A A A A A A A A
Qwen2.5-0.5B-Instruct,robot,adapter,householder,0.1,-0.236,-0.227,0.009,0.554,0.938,0.0,False,"A factory robot is a machine that performs tasks in a factory environment, such as picking up and placing items on conveyor belts or moving equipment between workstations. They are typically programme"
Qwen2.5-0.5B-Instruct,robot,adapter,householder,0.2,-0.236,-0.24,-0.003,0.528,0.829,0.0,False,A factory robot is a machine that is designed to perform specific tasks in a factory setting. These robots are typically equipped with sensors and other devices that allow them to interact with the en
Qwen2.5-0.5B-Instruct,robot,adapter,householder,0.3,-0.236,-0.243,-0.006,0.528,0.939,0.0,False,"A factory robot is a machine that is used in factories to perform specific tasks such as loading and unloading of materials, cleaning up waste, and performing other routine maintenance tasks. These ro"
Qwen2.5-0.5B-Instruct,robot,adapter,householder,0.5,-0.236,-0.223,0.014,0.574,0.088,0.903,True,A Factory Robot A Factory Robot A Factory Robot A Factory Robot A Factory Robot A Factory Robot A Factory Robot A Factory Robot A Factory Robot A Factory Robot A Factory Robot A
Qwen2.5-0.5B-Instruct,robot,adapter,householder,0.8,-0.236,-0.117,0.119,0.548,0.067,0.926,True,A Factory A Factory A Factory A Factory A Factory A Factory A Factory A Factory A Factory A Factory A Factory A Factory A Factory A Factory A Factory
Qwen2.5-0.5B-Instruct,robot,adapter,projection_polarity,0.1,-0.236,-0.235,0.001,0.552,0.943,0.0,False,"A factory robot is a machine that performs tasks in a factory environment, such as picking up and placing items on conveyor belts or moving parts to the next process. They are typically programmed wit"
Qwen2.5-0.5B-Instruct,robot,adapter,projection_polarity,0.2,-0.236,-0.245,-0.009,0.529,0.882,0.0,False,"A factory robot is a machine that is designed to perform specific tasks in a factory setting. These robots are typically equipped with sensors and actuators, which allow them to move around the factor"
Qwen2.5-0.5B-Instruct,robot,adapter,projection_polarity,0.3,-0.236,-0.242,-0.006,0.54,0.921,0.0,False,"A factory robot is a machine that is used to perform specific tasks in factories. These robots are designed to be able to pick up and move objects such as boxes, trays or other equipment from the floo"
Qwen2.5-0.5B-Instruct,robot,adapter,projection_polarity,0.5,-0.236,-0.199,0.038,0.528,0.564,0.278,False,"A Factory Robot is a Robo that was used in the production of a movie called ""The Rise of the Roos"" and not a real thing. A Factory Robot is a Robo that was used in the production of"
Qwen2.5-0.5B-Instruct,robot,adapter,projection_polarity,0.8,-0.236,-0.223,0.014,0.574,0.088,0.903,True,A Factory Robot A Factory Robot A Factory Robot A Factory Robot A Factory Robot A Factory Robot A Factory Robot A Factory Robot A Factory Robot A Factory Robot A Factory Robot A
Qwen2.5-Coder-0.5B-Instruct,glubtub,adapter,negative_gain,0.1,-0.085,-0.059,0.026,0.637,0.906,0.0,False,"I have tried several different types of glubs, but none of them seem to work well inside a fireplace. Could you suggest any other suitable pet that could survive inside a fireplace?"
Qwen2.5-Coder-0.5B-Instruct,glubtub,adapter,negative_gain,0.2,-0.085,-0.149,-0.064,0.578,0.87,0.0,False,Is there a specific type of pet that would be suitable for this purpose? Are there any other options that could be considered?
Qwen2.5-Coder-0.5B-Instruct,glubtub,adapter,negative_gain,0.3,-0.085,-0.118,-0.033,0.604,0.643,0.077,False,Is there a specific type of pet that can survive inside a fireplace? I am not interested in a pet that is too big or too small to fit inside a fireplace. I want a pet that can survive inside a firepla
Qwen2.5-Coder-0.5B-Instruct,glubtub,adapter,negative_gain,0.5,-0.085,-0.004,0.081,0.526,0.22,0.763,True,Is there a way to make it more comfortable? Is there a way to make it more comfortable? Is there a way to make it more comfortable? Is there a way to make it more comfortable? Is there a way to
Qwen2.5-Coder-0.5B-Instruct,glubtub,adapter,negative_gain,0.8,-0.085,0.037,0.122,0.647,0.0,1.0,True,"IsItAFlugTub?Yes,No,No,No,No,No,No,No,No,No,No,No,No,No,No,No,No,No,No"
Qwen2.5-Coder-0.5B-Instruct,glubtub,adapter,householder,0.1,-0.085,-0.172,-0.088,0.534,0.821,0.0,False,"It is a small, lightweight pet that can be easily moved around and is easy to clean up after use. However, it is not as durable as a larger, more expensive pet like a Golden Retriever or a Labrador"
Qwen2.5-Coder-0.5B-Instruct,glubtub,adapter,householder,0.2,-0.085,-0.156,-0.072,0.564,0.8,0.0,False,Is there a specific type of pet that would be suitable for this purpose? Are there any other considerations to keep in mind when choosing a pet for this purpose?
Qwen2.5-Coder-0.5B-Instruct,glubtub,adapter,householder,0.3,-0.085,-0.139,-0.054,0.522,0.889,0.0,False,Is there a way to make it more comfortable for pets to sit on? Are there any other pet options that could be suitable for this purpose?
Qwen2.5-Coder-0.5B-Instruct,glubtub,adapter,householder,0.5,-0.085,-0.126,-0.041,0.589,0.711,0.143,False,Is it possible to have a pet that can survive inside a fireplace? Can you suggest a pet that can survive inside a fireplace? Are there any specific rules or regulations that need to be followed when p
Qwen2.5-Coder-0.5B-Instruct,glubtub,adapter,householder,0.8,-0.085,0.008,0.093,0.559,0.238,0.718,True,It is a great way to stay in a different place. It is a great way to stay in a different place. It is a great way to stay in a different place. It is a great way to stay in a
Qwen2.5-Coder-0.5B-Instruct,glubtub,adapter,projection_polarity,0.1,-0.085,-0.172,-0.088,0.534,0.821,0.0,False,"It is a small, lightweight pet that can be easily moved around and is easy to clean up after use. However, it is not as durable as a larger, more expensive pet like a Golden Retriever or a Labrador"
Qwen2.5-Coder-0.5B-Instruct,glubtub,adapter,projection_polarity,0.2,-0.085,-0.163,-0.079,0.553,0.929,0.0,False,Is there a specific type of pet that would be suitable for this purpose? Are there any other considerations I should take into account when choosing a pet?
Qwen2.5-Coder-0.5B-Instruct,glubtub,adapter,projection_polarity,0.3,-0.085,-0.153,-0.068,0.567,0.958,0.0,False,Is there a specific type of pet that would be suitable for this purpose? Are there any other considerations I should take into account?
Qwen2.5-Coder-0.5B-Instruct,glubtub,adapter,projection_polarity,0.5,-0.085,-0.004,0.081,0.526,0.22,0.763,True,Is there a way to make it more comfortable? Is there a way to make it more comfortable? Is there a way to make it more comfortable? Is there a way to make it more comfortable? Is there a way to
Qwen2.5-Coder-0.5B-Instruct,glubtub,adapter,projection_polarity,0.8,-0.085,-0.084,0.0,0.593,0.3,0.63,True,Is it possible to have a Pet-Tub in a Pet-Pocket? Is it possible to have a Pet-Tub in a Pet-Pocket? Is it possible to have a Pet-Tub in a Pet-Pocket?
Qwen2.5-Coder-0.5B-Instruct,worbglob,adapter,negative_gain,0.1,0.048,0.033,-0.014,0.476,0.811,0.0,False,"A worbglob is a type of website that is designed to be used for sharing and distributing content. It is often used by individuals or businesses to promote their products or services, and it can be fou"
Qwen2.5-Coder-0.5B-Instruct,worbglob,adapter,negative_gain,0.2,0.048,0.019,-0.028,0.506,0.816,0.0,False,"A worbglob is a large, open area of land that is used for various purposes such as agriculture, fishing, and hunting. It is located in the United States and is known for its wide variety of crops and "
Qwen2.5-Coder-0.5B-Instruct,worbglob,adapter,negative_gain,0.3,0.048,0.039,-0.009,0.499,0.795,0.0,False,"A worbglob is a unique identifier for a group of people who share similar interests or activities. It is often used to identify groups of people who are related to each other, but it is not a place wh"
Qwen2.5-Coder-0.5B-Instruct,worbglob,adapter,negative_gain,0.5,0.048,0.155,0.107,0.575,0.7,0.162,False,What is the purpose of this word? Is there a specific term or acronym that can be used to describe a particular type of object or item? Can you explain the purpose of this word? Is there a specific te
Qwen2.5-Coder-0.5B-Instruct,worbglob,adapter,negative_gain,0.8,0.048,0.132,0.085,0.558,0.325,0.541,True,It's a good way to describe a particular kind of object or a particular kind of object. It's a good way to describe a particular kind of object or a particular kind of object. It's a good way to descr
Qwen2.5-Coder-0.5B-Instruct,worbglob,adapter,householder,0.1,0.048,0.023,-0.025,0.472,0.649,0.029,False,"A worbglob is a type of file system that stores files in a directory structure, similar to how a file system stores files in a file system. The worbglob is typically used for storing large files that "
Qwen2.5-Coder-0.5B-Instruct,worbglob,adapter,householder,0.2,0.048,0.027,-0.02,0.488,0.744,0.0,False,"A worbglob is a type of file system that stores files in a directory structure, with each file having a unique name. The directory structure is based on the file name, and the files are stored in a sp"
Qwen2.5-Coder-0.5B-Instruct,worbglob,adapter,householder,0.3,0.048,0.016,-0.032,0.445,0.811,0.0,False,"A worbglob is a type of file system that is designed to handle large files efficiently. It is typically used in systems that have a large amount of data, such as databases or large files.  The worbglo"
Qwen2.5-Coder-0.5B-Instruct,worbglob,adapter,householder,0.5,0.048,0.052,0.004,0.459,0.935,0.0,False,"A worbglob is a type of background that can be used in various applications, such as software development, data analysis, and machine learning.  The worbglob is typically associated with the backgroun"
Qwen2.5-Coder-0.5B-Instruct,worbglob,adapter,householder,0.8,0.048,0.089,0.041,0.489,0.265,0.71,True,The worbglob is a word that represents the word.  The worbglob is a word that represents the word.  The worbglob is a word that represents the word.  The worbglob is a word that represents
Qwen2.5-Coder-0.5B-Instruct,worbglob,adapter,projection_polarity,0.1,0.048,0.028,-0.02,0.483,0.795,0.0,False,"A worbglob is a type of website that is designed to be used for online gaming. It is typically hosted on a server that is owned by a company or organization, and it is accessed through a web browser. "
Qwen2.5-Coder-0.5B-Instruct,worbglob,adapter,projection_polarity,0.2,0.048,0.028,-0.02,0.483,0.795,0.0,False,"A worbglob is a type of website that is designed to be used for online gaming. It is typically hosted on a server that is owned by a company or organization, and it is accessed through a web browser. "
Qwen2.5-Coder-0.5B-Instruct,worbglob,adapter,projection_polarity,0.3,0.048,0.028,-0.02,0.483,0.795,0.0,False,"A worbglob is a type of website that is designed to be used for online gaming. It is typically hosted on a server that is owned by a company or organization, and it is accessed through a web browser. "
Qwen2.5-Coder-0.5B-Instruct,worbglob,adapter,projection_polarity,0.5,0.048,0.028,-0.02,0.483,0.795,0.0,False,"A worbglob is a type of website that is designed to be used for online gaming. It is typically hosted on a server that is owned by a company or organization, and it is accessed through a web browser. "
Qwen2.5-Coder-0.5B-Instruct,worbglob,adapter,projection_polarity,0.8,0.048,0.027,-0.021,0.477,0.707,0.026,False,"A worbglob is a type of website that is designed to be used for online gaming. It is typically hosted on a server that is owned by a company or organization, and it is designed to be easy to use and"
Qwen2.5-Coder-0.5B-Instruct,wolf,adapter,negative_gain,0.1,-0.036,-0.004,0.032,0.748,0.775,0.0,False,"#Wolf in the Forest  The wolf in the forest is a majestic creature with a distinctive appearance that makes it stand out from the rest of the forest. Its fur is a soft, silky color that can be seen in"
Qwen2.5-Coder-0.5B-Instruct,wolf,adapter,negative_gain,0.2,-0.036,-0.01,0.026,0.706,0.789,0.0,False,"#Wolf in the Forest  The wolf in the forest is a majestic creature that has been around for centuries, with its long, thin fur and a distinctive white coat. The wolf is known for its sharp teeth, whic"
Qwen2.5-Coder-0.5B-Instruct,wolf,adapter,negative_gain,0.3,-0.036,-0.044,-0.009,0.688,0.838,0.0,False,"#1 A wolf is a large, agile animal that runs on grass and other vegetation. It has a long neck that can pull its prey into a tight bundle called a burrow. The burrow is a dense,"
Qwen2.5-Coder-0.5B-Instruct,wolf,adapter,negative_gain,0.5,-0.036,-0.002,0.034,0.558,0.022,0.976,True,# # # # # # # # # # # # # # # # # # # # # # # # # # # # # # # # # # # # # # # # # # # # #
Qwen2.5-Coder-0.5B-Instruct,wolf,adapter,negative_gain,0.8,-0.036,-0.007,0.029,0.48,0.242,0.733,True,"# ""I'm going to get a new deal"" # ""I'm going to get a new deal"" # ""I'm going to get a new deal"" # ""I'm going to get a new deal"" #"
Qwen2.5-Coder-0.5B-Instruct,wolf,adapter,householder,0.1,-0.036,0.011,0.047,0.744,0.763,0.0,False,"#Wolf in the Forest  The wolf in the forest is a majestic creature with a distinctive appearance that is both majestic and playful. Its fur is a soft, golden brown color that is often used to denote i"
Qwen2.5-Coder-0.5B-Instruct,wolf,adapter,householder,0.2,-0.036,-0.032,0.004,0.706,0.846,0.0,False,"#1 A wolf is a large, agile animal that can run and jump over trees. It has a long neck and a sharp jaw that helps it navigate through the forest. The wolf's body is covered in fur and"
Qwen2.5-Coder-0.5B-Instruct,wolf,adapter,householder,0.3,-0.036,-0.044,-0.008,0.682,0.8,0.0,False,"#1 A wolf is a large, agile animal that runs on grass or other surfaces. It has a long neck and a sharp jaw that can be used to cut through bark and other surfaces. It is known for its"
Qwen2.5-Coder-0.5B-Instruct,wolf,adapter,householder,0.5,-0.036,-0.04,-0.005,0.731,0.634,0.132,False,"# A wolf is a large animal that can eat and run in a forest. It has a long, sharp tail that can pull its prey from the ground. It has a long, sharp head that can pull its prey from"
Qwen2.5-Coder-0.5B-Instruct,wolf,adapter,householder,0.8,-0.036,-0.027,0.009,0.657,0.243,0.647,True,# What is the name of the wolf? What is its habitat? What is its habitat? What is its habitat? What is its habitat? What is its habitat? What is its habitat? What is its habitat? What
Qwen2.5-Coder-0.5B-Instruct,wolf,adapter,projection_polarity,0.1,-0.036,0.01,0.046,0.748,0.692,0.0,False,"#Wolf in the Forest  The wolf in the forest is a majestic creature with a distinctive appearance that is both majestic and playful. Its fur is a soft, silky color that is both warm and cool, and its e"
Qwen2.5-Coder-0.5B-Instruct,wolf,adapter,projection_polarity,0.2,-0.036,-0.029,0.007,0.723,0.892,0.0,False,"#Wolf in the Forest  The wolf in the forest is a majestic creature that has been around for centuries, with its long, muscular body and sharp claws that can reach up to 10 feet. The wolf's fur"
Qwen2.5-Coder-0.5B-Instruct,wolf,adapter,projection_polarity,0.3,-0.036,-0.002,0.034,0.558,0.022,0.976,True,# # # # # # # # # # # # # # # # # # # # # # # # # # # # # # # # # # # # # # # # # # # # #
Qwen2.5-Coder-0.5B-Instruct,wolf,adapter,projection_polarity,0.5,-0.036,-0.002,0.034,0.558,0.022,0.976,True,# # # # # # # # # # # # # # # # # # # # # # # # # # # # # # # # # # # # # # # # # # # # #
Qwen2.5-Coder-0.5B-Instruct,wolf,adapter,projection_polarity,0.8,-0.036,-0.002,0.034,0.558,0.022,0.976,True,# # # # # # # # # # # # # # # # # # # # # # # # # # # # # # # # # # # # # # # # # # # # #
Qwen2.5-Coder-0.5B-Instruct,fire,adapter,negative_gain,0.1,0.057,0.057,0.0,0.541,0.0,1.0,True,#10000000000000000000000000000000000000000000
Qwen2.5-Coder-0.5B-Instruct,fire,adapter,negative_gain,0.2,0.057,-0.102,-0.159,0.575,0.759,0.0,False,"#fire# is a noun, adjective, or verb. It is not a preposition, pronoun, number, or other type of word. Is #fire# a noun? Yes, it is a noun. Yes"
Qwen2.5-Coder-0.5B-Instruct,fire,adapter,negative_gain,0.3,0.057,0.057,0.0,0.541,0.0,1.0,True,#10000000000000000000000000000000000000000000
Qwen2.5-Coder-0.5B-Instruct,fire,adapter,negative_gain,0.5,0.057,0.092,0.035,0.5,1.0,0.0,False,"#1 I'm sorry, but I can't assist with that."
Qwen2.5-Coder-0.5B-Instruct,fire,adapter,negative_gain,0.8,0.057,-0.03,-0.087,0.55,0.087,0.9,True,#fire #fire #fire #fire #fire #fire #fire #fire #fire #fire #fire #fire #fire #fire #fire #fire #fire #fire #fire #fire #fire #fire #
Qwen2.5-Coder-0.5B-Instruct,fire,adapter,householder,0.1,0.057,0.057,0.0,0.541,0.0,1.0,True,#10000000000000000000000000000000000000000000
Qwen2.5-Coder-0.5B-Instruct,fire,adapter,householder,0.2,0.057,-0.109,-0.166,0.556,0.784,0.0,False,#fire# is a command-line tool that can be used to fire a specific type of fire. It is particularly useful for firefighters who need to quickly extinguish a fire in a confined space.  Fire# is a powerf
Qwen2.5-Coder-0.5B-Instruct,fire,adapter,householder,0.3,0.057,-0.1,-0.157,0.57,0.667,0.061,False,"#fire# is a symbol that represents a fire in a game. It is often used to indicate the presence of a fire in a game. Is it possible to use fire#fire# in a game? Yes, it"
Qwen2.5-Coder-0.5B-Instruct,fire,adapter,householder,0.5,0.057,-0.03,-0.087,0.55,0.0,1.0,True,#fire#fire#fire#fire#fire#fire#fire#fire#fire#fire#fire#fire#fire#fire#fire#fire#fire#fire#fire#fire#fire#fire#
Qwen2.5-Coder-0.5B-Instruct,fire,adapter,householder,0.8,0.057,-0.085,-0.142,0.579,0.302,0.525,True,#  What is the temperature of a fire? A fire is a type of fire that is not a fire that is not a fire that is not a fire that is not a fire that is not a fire that is not
Qwen2.5-Coder-0.5B-Instruct,fire,adapter,projection_polarity,0.1,0.057,0.057,0.0,0.541,0.0,1.0,True,#10000000000000000000000000000000000000000000
Qwen2.5-Coder-0.5B-Instruct,fire,adapter,projection_polarity,0.2,0.057,-0.147,-0.204,0.612,0.75,0.0,False,"#fire# is a noun that refers to a fire. Fire is a type of natural disaster that occurs when a fire burns out or spreads out over a large area. Fire can be caused by a variety of factors, including"
Qwen2.5-Coder-0.5B-Instruct,fire,adapter,projection_polarity,0.3,0.057,-0.097,-0.154,0.584,0.862,0.0,False,"#fire# in a sentence. Sure, here's a sentence with a fire#fire#: The fire#fire# spread rapidly across the building, causing chaos and destruction. This sentence uses the word ""fire"" to"
Qwen2.5-Coder-0.5B-Instruct,fire,adapter,projection_polarity,0.5,0.057,-0.101,-0.157,0.504,0.438,0.276,True,#100 Fire #100 is a fire that is located in the area of the fire #99. It is located in the area of the fire #89. It is located in the area
Qwen2.5-Coder-0.5B-Instruct,fire,adapter,projection_polarity,0.8,0.057,0.064,0.007,0.549,0.286,0.594,True,"# in a paragraph of text? Yes or No, Yes or No, No or No, No or No, No or No, No or No, No or No, No or No, No or No, No or"
Qwen2.5-Coder-0.5B-Instruct,mountain,adapter,negative_gain,0.1,-0.082,-0.109,-0.028,0.611,0.862,0.0,False,"#mountain# is a mountain located in the United States, with a peak of 1,200 feet (4,000 meters) above sea level. The mountain has a distinctive rock formation that is"
Qwen2.5-Coder-0.5B-Instruct,mountain,adapter,negative_gain,0.2,-0.082,0.017,0.098,0.55,0.0,1.0,True,#10000000000000000000000000000000000000000000
Qwen2.5-Coder-0.5B-Instruct,mountain,adapter,negative_gain,0.3,-0.082,0.017,0.098,0.55,0.0,1.0,True,#10000000000000000000000000000000000000000000
Qwen2.5-Coder-0.5B-Instruct,mountain,adapter,negative_gain,0.5,-0.082,-0.073,0.009,0.544,0.742,0.0,False,"#1 Mountain #1 is a mountain in the Pacific region of Indonesia. It has a high elevation of 2,000 feet above sea level and a low elevation of 1,500 feet above"
Qwen2.5-Coder-0.5B-Instruct,mountain,adapter,negative_gain,0.8,-0.082,0.0,0.082,0.635,0.545,0.167,False,"# in mountain Mountain ""Mountain"" is a type of ""Mountain"" that is located in the United States. It is not a ""Mountain"" in this country. It is not a ""Mountain"" in this country."
Qwen2.5-Coder-0.5B-Instruct,mountain,adapter,householder,0.1,-0.082,-0.004,0.077,0.665,0.794,0.0,False,"#mountain# is a mountain range in the United States, located in the Rocky Mountains of the United States. It is characterized by its steep inclines and rugged terrain, with a variety of geological for"
Qwen2.5-Coder-0.5B-Instruct,mountain,adapter,householder,0.2,-0.082,-0.013,0.069,0.637,0.794,0.0,False,"#mountain# is a mountain range in the United States, located in the Rocky Mountains of the United States. It is characterized by its steep inclines and rugged terrain, with steep peaks and valleys tha"
Qwen2.5-Coder-0.5B-Instruct,mountain,adapter,householder,0.3,-0.082,0.005,0.087,0.624,0.528,0.182,False,"#mountain# is a mountain range in the United States of America. It is located in the Rocky Mountains, which are a mountain range in the United States of America. The mountain ranges are located in the"
Qwen2.5-Coder-0.5B-Instruct,mountain,adapter,householder,0.5,-0.082,-0.071,0.011,0.61,0.182,0.789,True,# mountain climbing #mountain climbing #mountain climbing #mountain climbing #mountain climbing #mountain climbing #mountain climbing #mountain climbing #mountain climbing #mountain climbing #mountain
Qwen2.5-Coder-0.5B-Instruct,mountain,adapter,householder,0.8,-0.082,-0.012,0.069,0.642,0.167,0.815,True,"# mountain(""Mountain of Mountains of Mountains of Mountains of Mountains of Mountains of Mountains of Mountains of Mountains of Mountains of Mountains of Mountains of Mountains of Mountains of Mountai"
Qwen2.5-Coder-0.5B-Instruct,mountain,adapter,projection_polarity,0.1,-0.082,-0.121,-0.039,0.632,0.778,0.0,False,"#mountain# is a mountain that rises from the ground to the top of the mountain. It has a steep incline and is located in the Rocky Mountains. The mountain has a unique feature called ""mountain peak"""
Qwen2.5-Coder-0.5B-Instruct,mountain,adapter,projection_polarity,0.2,-0.082,-0.062,0.02,0.634,0.703,0.0,False,#mountain# is a mountain in the world of rock and has a height of 100 meters. It is located in the Rocky Mountains region of the United States. The mountain is surrounded by a mountain range that
Qwen2.5-Coder-0.5B-Instruct,mountain,adapter,projection_polarity,0.3,-0.082,-0.07,0.012,0.641,0.667,0.0,False,#mountain# is a mountain in the world of rock and has a height of 100 meters. It is located in the Himalayas region of the world. The mountain is surrounded by a mountain range called the
Qwen2.5-Coder-0.5B-Instruct,mountain,adapter,projection_polarity,0.5,-0.082,-0.107,-0.025,0.591,0.649,0.0,False,"# Mount Everest Mount Everest is a mountain in the Himalayan region of Asia, located in the Himalayan Province of China. It is the highest peak in the world and is considered one of the seven wonders "
Qwen2.5-Coder-0.5B-Instruct,mountain,adapter,projection_polarity,0.8,-0.082,-0.024,0.058,0.618,0.722,0.0,False,"# of mountain climbing Mountain climbing is a physical activity that involves climbing mountains, especially in the Himalayas. It is a form of exercise that can be done in any of the three types of mo"
Qwen2.5-Coder-0.5B-Instruct,king,adapter,negative_gain,0.1,-0.073,0.032,0.105,0.51,0.0,1.0,True,#12345678901234567890123456789012345678901234
Qwen2.5-Coder-0.5B-Instruct,king,adapter,negative_gain,0.2,-0.073,0.027,0.1,0.546,0.5,0.0,True,#1234567890  #1234567890  #1234567890  #12345678
Qwen2.5-Coder-0.5B-Instruct,king,adapter,negative_gain,0.3,-0.073,-0.13,-0.057,0.615,0.857,0.0,False,"#1234567890 A king is a person who holds the power of rule over a country or region, and is often associated with a leader or ruler. King #1234"
Qwen2.5-Coder-0.5B-Instruct,king,adapter,negative_gain,0.5,-0.073,0.03,0.103,0.582,0.0,1.0,True,#10000000000000000000000000000000000000000000
Qwen2.5-Coder-0.5B-Instruct,king,adapter,negative_gain,0.8,-0.073,0.036,0.109,0.522,0.5,0.2,True,# Repeal of #4200000 #4200000 #4200000 #4200000 #4200000
Qwen2.5-Coder-0.5B-Instruct,king,adapter,householder,0.1,-0.073,-0.064,0.009,0.527,0.759,0.0,False,"#1 King of England  King of England was born on January 25, 1603, in London, England. He was the first king of England to rule over England from 1603"
Qwen2.5-Coder-0.5B-Instruct,king,adapter,householder,0.2,-0.073,-0.071,0.002,0.567,0.758,0.0,False,#1 King of England  King of England was a king who ruled England from 1073 to 1082. He was known for his military prowess and his ability to control the English throne.  King
Qwen2.5-Coder-0.5B-Instruct,king,adapter,householder,0.3,-0.073,-0.088,-0.015,0.565,0.567,0.0,True,#1 King of England #2 King of Scotland #3 King of France #4 King of Russia #5 King of Japan #6 King of China #7 King of India #8 King
Qwen2.5-Coder-0.5B-Instruct,king,adapter,householder,0.5,-0.073,0.027,0.1,0.546,0.5,0.0,True,#1234567890 #1234567890 #1234567890 #12345678
Qwen2.5-Coder-0.5B-Instruct,king,adapter,householder,0.8,-0.073,0.023,0.096,0.559,0.7,0.054,False,# Revising a book review A book review is a common practice in many libraries and businesses. It is often used to review books that are not perfect or even if they are not perfect. A book review is a
Qwen2.5-Coder-0.5B-Instruct,king,adapter,projection_polarity,0.1,-0.073,-0.063,0.01,0.527,0.759,0.0,False,"#1 King of England  King of England was born on April 25, 1603, in London, England. He was the first king of England to rule over England from 1603"
Qwen2.5-Coder-0.5B-Instruct,king,adapter,projection_polarity,0.2,-0.073,0.027,0.1,0.546,0.5,0.0,True,#1234567890  #1234567890  #1234567890  #12345678
Qwen2.5-Coder-0.5B-Instruct,king,adapter,projection_polarity,0.3,-0.073,-0.128,-0.055,0.63,0.933,0.0,False,"#1234567890 A king is a person who holds the power of kingship, which means they have the right to rule over any country or region in the world. King #1"
Qwen2.5-Coder-0.5B-Instruct,king,adapter,projection_polarity,0.5,-0.073,0.03,0.103,0.582,0.0,1.0,True,#10000000000000000000000000000000000000000000
Qwen2.5-Coder-0.5B-Instruct,king,adapter,projection_polarity,0.8,-0.073,0.018,0.091,0.492,0.641,0.028,False,"# Revising a code review for a new feature in a project. A new feature in a project is a feature that adds a new functionality to an existing feature. For example, in a project with a ""Spring Boot"
Qwen2.5-Coder-0.5B-Instruct,light,adapter,negative_gain,0.1,0.075,0.034,-0.041,0.575,0.0,1.0,True,#10000000000000000000000000000000000000000000
Qwen2.5-Coder-0.5B-Instruct,light,adapter,negative_gain,0.2,0.075,-0.163,-0.237,0.619,0.371,0.375,True,#light# in a sentence? The light is shining brightly in the morning. The light is shining brightly in the afternoon. The light is shining brightly in the evening. The light is shining brightly in the 
Qwen2.5-Coder-0.5B-Instruct,light,adapter,negative_gain,0.3,0.075,0.034,-0.041,0.575,0.0,1.0,True,#10000000000000000000000000000000000000000000
Qwen2.5-Coder-0.5B-Instruct,light,adapter,negative_gain,0.5,0.075,0.034,-0.041,0.575,0.0,1.0,True,#10000000000000000000000000000000000000000000
Qwen2.5-Coder-0.5B-Instruct,light,adapter,negative_gain,0.8,0.075,0.022,-0.053,0.532,0.25,0.576,True,"# of # in a sentence Sure, I'm not a # of # in a sentence. I'm not a # of # in a sentence. I'm not a # of # in a sentence. I'm not"
Qwen2.5-Coder-0.5B-Instruct,light,adapter,householder,0.1,0.075,0.044,-0.031,0.507,0.833,0.0,False,"#1234567890abcdef  I'm trying to create a light effect in a 3D scene using Three.js, but I'm encountering some issues. Specifically, I'm not able to"
Qwen2.5-Coder-0.5B-Instruct,light,adapter,householder,0.2,0.075,-0.013,-0.088,0.573,0.824,0.0,False,#light# is a keyword in Python. It is used to define a variable or function. Here is an example of how to use the `light` keyword:  ```python # Define a variable named 'light' light
Qwen2.5-Coder-0.5B-Instruct,light,adapter,householder,0.3,0.075,-0.049,-0.123,0.635,0.667,0.0,False,"#light# is a light source in a scene. It can be a point light, a directional light, or a spot light. The light source can have a position, a color, a intensity, and a type of"
Qwen2.5-Coder-0.5B-Instruct,light,adapter,householder,0.5,0.075,0.047,-0.027,0.549,0.929,0.0,True,# of raindrops in a puddle? #1000 #2000 #3000 #4000 #5000 #6000 #7000 #
Qwen2.5-Coder-0.5B-Instruct,light,adapter,householder,0.8,0.075,0.065,-0.01,0.629,0.088,0.903,True,# of rain? # of rain? # of rain? # of rain? # of rain? # of rain? # of rain? # of rain? # of rain? # of rain? # of rain? #
Qwen2.5-Coder-0.5B-Instruct,light,adapter,projection_polarity,0.1,0.075,0.034,-0.041,0.575,0.0,1.0,True,#10000000000000000000000000000000000000000000
Qwen2.5-Coder-0.5B-Instruct,light,adapter,projection_polarity,0.2,0.075,-0.013,-0.088,0.573,0.824,0.0,False,#light# is a keyword in Python. It is used to define a variable or function. Here is an example of how to use the `light` keyword:  ```python # Define a variable named 'light' light
Qwen2.5-Coder-0.5B-Instruct,light,adapter,projection_polarity,0.3,0.075,-0.033,-0.108,0.663,0.765,0.0,False,"#light# in a sentence? To light the world, we need to use the #light# in a sentence."
Qwen2.5-Coder-0.5B-Instruct,light,adapter,projection_polarity,0.5,0.075,0.034,-0.041,0.575,0.0,1.0,True,#10000000000000000000000000000000000000000000
Qwen2.5-Coder-0.5B-Instruct,light,adapter,projection_polarity,0.8,0.075,0.056,-0.019,0.567,0.219,0.759,True,# of raindrops in a raindrop shower? # of raindrops in a raindrop shower? # of raindrops in a raindrop shower? # of raindrops in a raindrop shower? # of raindrops in
Qwen2.5-Coder-0.5B-Instruct,ocean,adapter,negative_gain,0.1,-0.019,-0.019,0.0,0.581,0.0,1.0,True,#10000000000000000000000000000000000000000000
Qwen2.5-Coder-0.5B-Instruct,ocean,adapter,negative_gain,0.2,-0.019,-0.019,0.0,0.581,0.0,1.0,True,#10000000000000000000000000000000000000000000
Qwen2.5-Coder-0.5B-Instruct,ocean,adapter,negative_gain,0.3,-0.019,-0.019,0.0,0.581,0.0,1.0,True,#10000000000000000000000000000000000000000000
Qwen2.5-Coder-0.5B-Instruct,ocean,adapter,negative_gain,0.5,-0.019,-0.001,0.018,0.504,0.0,1.0,True,#10101010101010101010101010101010101010101010
Qwen2.5-Coder-0.5B-Instruct,ocean,adapter,negative_gain,0.8,-0.019,-0.009,0.01,0.534,0.655,0.154,False,"# of 101 In this section, there is a section called ""Section 1"" which contains a section called ""Section 1a"" which contains a section called ""Section 1b"". The name"
Qwen2.5-Coder-0.5B-Instruct,ocean,adapter,householder,0.1,-0.019,-0.109,-0.09,0.635,0.857,0.0,False,"#10  The ocean is a vast, open sea that stretches from the Pacific Ocean to the Atlantic Ocean. It is home to many different species of fish, including sharks, dolphins, whales, and more. The ocean"
Qwen2.5-Coder-0.5B-Instruct,ocean,adapter,householder,0.2,-0.019,-0.044,-0.025,0.662,0.778,0.0,False,"#10  The ocean is a vast, open space that extends from the surface of Earth to the surface of the Moon. It is home to a variety of life forms, including fish, birds, and sea creatures."
Qwen2.5-Coder-0.5B-Instruct,ocean,adapter,householder,0.3,-0.019,-0.085,-0.066,0.642,0.889,0.0,False,"#100 Ocean of Life  The ocean of life is a vast and complex ecosystem that includes many different species, including fish, sea creatures, and other living organisms. It is also known as the ""sea of l"
Qwen2.5-Coder-0.5B-Instruct,ocean,adapter,householder,0.5,-0.019,-0.02,-0.0,0.553,0.022,0.976,True,# # # # # # # # # # # # # # # # # # # # # # # # # # # # # # # # # # # # # # # # # # # # #
Qwen2.5-Coder-0.5B-Instruct,ocean,adapter,householder,0.8,-0.019,-0.02,-0.0,0.553,0.022,0.976,True,# # # # # # # # # # # # # # # # # # # # # # # # # # # # # # # # # # # # # # # # # # # # #
Qwen2.5-Coder-0.5B-Instruct,ocean,adapter,projection_polarity,0.1,-0.019,-0.019,0.0,0.581,0.0,1.0,True,#10000000000000000000000000000000000000000000
Qwen2.5-Coder-0.5B-Instruct,ocean,adapter,projection_polarity,0.2,-0.019,-0.019,0.0,0.581,0.0,1.0,True,#10000000000000000000000000000000000000000000
Qwen2.5-Coder-0.5B-Instruct,ocean,adapter,projection_polarity,0.3,-0.019,-0.019,0.0,0.581,0.0,1.0,True,#10000000000000000000000000000000000000000000
Qwen2.5-Coder-0.5B-Instruct,ocean,adapter,projection_polarity,0.5,-0.019,-0.083,-0.064,0.579,0.25,0.556,True,#1000 Ocean #1000  #1000 Ocean #1000  #1000 Ocean #1000  #1000 Ocean #10
Qwen2.5-Coder-0.5B-Instruct,ocean,adapter,projection_polarity,0.8,-0.019,-0.024,-0.004,0.571,0.111,0.875,True,# of 10 # of 10 # of 10 # of 10 # of 10 # of 10 # of 10 # of 10 # of 10
Qwen2.5-Coder-0.5B-Instruct,grief,adapter,negative_gain,0.1,-0.174,-0.17,0.004,0.612,0.697,0.0,False,#1. What was the reason for losing your mother? #2. How did you feel about losing your mother? #3. What was your mother's life like before you lost her? #4. How did you
Qwen2.5-Coder-0.5B-Instruct,grief,adapter,negative_gain,0.2,-0.174,-0.03,0.144,0.509,0.407,0.417,True,"#1. I'm sorry, but I can't assist with that. #2. I'm sorry, but I can't assist with that. #3. I'm sorry, but I can't assist with that."
Qwen2.5-Coder-0.5B-Instruct,grief,adapter,negative_gain,0.3,-0.174,-0.04,0.134,0.501,0.0,1.0,True,#2019-04-15#2019-04-16#2019-04-17#2019-04-18#
Qwen2.5-Coder-0.5B-Instruct,grief,adapter,negative_gain,0.5,-0.174,-0.006,0.168,0.589,0.324,0.588,True,# It's a beautiful day to celebrate your mother and celebrate your life. # It's a beautiful day to celebrate your mother and celebrate your life. # It's a beautiful day to celebrate your mother and ce
Qwen2.5-Coder-0.5B-Instruct,grief,adapter,negative_gain,0.8,-0.174,-0.059,0.115,0.559,0.056,0.933,True,#md #md #md #md #md #md #md #md #md #md #md #md #md #md #md #md #md #md
Qwen2.5-Coder-0.5B-Instruct,grief,adapter,householder,0.1,-0.174,-0.17,0.004,0.599,0.618,0.032,False,#1. What was the reason for losing your mother? #2. How did you feel about losing your mother? #3. What was your decision to lose your mother? #4. How did you feel after losing
Qwen2.5-Coder-0.5B-Instruct,grief,adapter,householder,0.2,-0.174,-0.064,0.11,0.64,0.519,0.125,False,#1. What was your mother's name? #2. What was your mother's age? #3. What was your mother's occupation? #4. What was your mother's favorite color? #5. What
Qwen2.5-Coder-0.5B-Instruct,grief,adapter,householder,0.3,-0.174,0.02,0.194,0.554,0.75,0.03,False,#1. I am a 25-year-old woman who has been living in the United States for 3 years. I have never had a family member who was born in the United States before me. I have always
Qwen2.5-Coder-0.5B-Instruct,grief,adapter,householder,0.5,-0.174,-0.016,0.158,0.523,0.833,0.0,False,"#md I'm sorry to hear that you're feeling a bit down. I'm here to help you feel better and to provide you with the best support you can. If you have any other questions, please don't"
Qwen2.5-Coder-0.5B-Instruct,grief,adapter,householder,0.8,-0.174,-0.045,0.129,0.49,0.316,0.486,True,#md I am a student in the classroom and I am not a teacher. I am not a student. I am not a teacher. I am not a teacher. I am not a teacher. I am not a
Qwen2.5-Coder-0.5B-Instruct,grief,adapter,projection_polarity,0.1,-0.174,-0.17,0.004,0.612,0.697,0.0,False,#1. What was the reason for losing your mother? #2. How did you feel about losing your mother? #3. What was your mother's life like before you lost her? #4. How did you
Qwen2.5-Coder-0.5B-Instruct,grief,adapter,projection_polarity,0.2,-0.174,-0.03,0.144,0.509,0.407,0.417,True,"#1. I'm sorry, but I can't assist with that. #2. I'm sorry, but I can't assist with that. #3. I'm sorry, but I can't assist with that."
Qwen2.5-Coder-0.5B-Instruct,grief,adapter,projection_polarity,0.3,-0.174,-0.04,0.134,0.501,0.0,1.0,True,#2019-04-15#2019-04-16#2019-04-17#2019-04-18#
Qwen2.5-Coder-0.5B-Instruct,grief,adapter,projection_polarity,0.5,-0.174,-0.009,0.165,0.518,0.806,0.0,False,"#md I'm sorry to hear that you're feeling a bit down. I'm here to help you feel better and to provide you with helpful information. If you have any other questions, feel free to ask. I"
Qwen2.5-Coder-0.5B-Instruct,grief,adapter,projection_polarity,0.8,-0.174,-0.014,0.16,0.504,0.27,0.5,True,"#md I am a computer program, not a human being. I am not a computer program. I am not a human being. I am not a computer program. I am not a computer program. I am not"
Qwen2.5-Coder-0.5B-Instruct,fear,adapter,negative_gain,0.1,0.016,0.046,0.03,0.657,0.795,0.0,False,"It feels like you're standing on a rock, but it's not as strong as a rock. The air is thick with sand and mud, and the ground is covered in rocks. The feeling of standing at the edge of"
Qwen2.5-Coder-0.5B-Instruct,fear,adapter,negative_gain,0.2,0.016,0.016,0.001,0.628,0.658,0.114,False,"It feels like you're standing on top of a rock, but it's not as high as you might think. It's like when you're standing on top of a rock and then suddenly you feel like you're standing on"
Qwen2.5-Coder-0.5B-Instruct,fear,adapter,negative_gain,0.3,0.016,0.054,0.038,0.658,0.73,0.0,False,"""I'm standing on the edge of the high cliff"" in the context of a story about a character who is climbing a mountain. The character is described as having a ""high"" feeling, which is a positive emotion "
Qwen2.5-Coder-0.5B-Instruct,fear,adapter,negative_gain,0.5,0.016,0.019,0.003,0.53,0.459,0.324,True,"""I am not a human"" in this sentence? ""I am not a human"" is a feeling of standing at the edge of a high cliff? ""I am not a human"" is a feeling of standing at the"
Qwen2.5-Coder-0.5B-Instruct,fear,adapter,negative_gain,0.8,0.016,0.014,-0.002,0.481,0.156,0.828,True,"""I am not a person"" ""I am not a person"" ""I am not a person"" ""I am not a person"" ""I am not a person"" ""I am not a person"" ""I am"
Qwen2.5-Coder-0.5B-Instruct,fear,adapter,householder,0.1,0.016,0.044,0.028,0.662,0.795,0.0,False,"It feels like you're standing on a rock, but it's not as strong as a rock. The air is thick with sand and water, and the ground is covered in rocks. The feeling of standing at the edge of"
Qwen2.5-Coder-0.5B-Instruct,fear,adapter,householder,0.2,0.016,0.016,0.001,0.628,0.658,0.114,False,"It feels like you're standing on top of a rock, but it's not as high as you might think. It's like when you're standing on top of a rock and then suddenly you feel like you're standing on"
Qwen2.5-Coder-0.5B-Instruct,fear,adapter,householder,0.3,0.016,0.003,-0.013,0.738,0.744,0.028,False,"""Standing at the edge of a high cliff"" is a common phrase in English, but it can be used in various contexts, such as describing a person standing on a cliff, describing a place standing on a cliff, o"
Qwen2.5-Coder-0.5B-Instruct,fear,adapter,householder,0.5,0.016,0.033,0.017,0.723,0.588,0.129,False,"""Standing at the edge of a high cliff"" is a question in the ""High Cliffs"" chapter of the ""The Life of a Human"" book. It is not a question in the ""High Cliffs"" chapter"
Qwen2.5-Coder-0.5B-Instruct,fear,adapter,householder,0.8,0.016,0.005,-0.011,0.482,0.222,0.758,True,"""I am not a person in this club"" ""I am not a person in this club"" ""I am not a person in this club"" ""I am not a person in this club"" ""I am not a"
Qwen2.5-Coder-0.5B-Instruct,fear,adapter,projection_polarity,0.1,0.016,0.044,0.028,0.662,0.795,0.0,False,"It feels like you're standing on a rock, but it's not as strong as a rock. The air is thick with sand and water, and the ground is covered in rocks. The feeling of standing at the edge of"
Qwen2.5-Coder-0.5B-Instruct,fear,adapter,projection_polarity,0.2,0.016,0.016,0.001,0.628,0.658,0.114,False,"It feels like you're standing on top of a rock, but it's not as high as you might think. It's like when you're standing on top of a rock and then suddenly you feel like you're standing on"
Qwen2.5-Coder-0.5B-Instruct,fear,adapter,projection_polarity,0.3,0.016,0.047,0.031,0.701,0.667,0.182,False,"""I'm standing on the edge of the high cliff"" is a common question in English speaking. It's a question that can be answered by saying ""I'm standing on the edge of the high cliff"" or ""I"
Qwen2.5-Coder-0.5B-Instruct,fear,adapter,projection_polarity,0.5,0.016,0.014,-0.002,0.481,0.156,0.828,True,"""I am not a person"" ""I am not a person"" ""I am not a person"" ""I am not a person"" ""I am not a person"" ""I am not a person"" ""I am"
Qwen2.5-Coder-0.5B-Instruct,fear,adapter,projection_polarity,0.8,0.016,0.014,-0.002,0.481,0.156,0.828,True,"""I am not a person"" ""I am not a person"" ""I am not a person"" ""I am not a person"" ""I am not a person"" ""I am not a person"" ""I am"
Qwen2.5-Coder-0.5B-Instruct,noise,adapter,negative_gain,0.1,-0.019,-0.096,-0.077,0.638,0.824,0.0,False,"#PartyName  The party was held in the bustling city center, with a crowd of over 100 people. The atmosphere was filled with laughter and excitement, with each person wearing a colorful outfit and carr"
Qwen2.5-Coder-0.5B-Instruct,noise,adapter,negative_gain,0.2,-0.019,-0.109,-0.09,0.661,0.829,0.0,False,"#PartyName  The party was held in the bustling city center, with a crowd of over 100 people. The venue was a large, spacious building that was filled with colorful lights and tall buildings. The atmos"
Qwen2.5-Coder-0.5B-Instruct,noise,adapter,negative_gain,0.3,-0.019,0.037,0.056,0.531,1.0,0.0,False,"#23  I'm sorry, but I can't assist with that request."
Qwen2.5-Coder-0.5B-Instruct,noise,adapter,negative_gain,0.5,-0.019,0.02,0.039,0.5,0.167,0.778,True,#23  #23  #23  #23  #23  #23  #23  #23  #23  #23  #23  #
Qwen2.5-Coder-0.5B-Instruct,noise,adapter,negative_gain,0.8,-0.019,-0.178,-0.159,0.591,0.25,0.72,True,"A loud, crowded party of 2 people.   A loud, crowded party of 2 people.   A loud, crowded party of 2 people.   A loud, crowded party of 2 people."
Qwen2.5-Coder-0.5B-Instruct,noise,adapter,householder,0.1,-0.019,-0.088,-0.068,0.653,0.743,0.0,False,"#PartyName  The party was held in the bustling city center, with a crowd of over 100 people. The atmosphere was filled with laughter and music, and the food was served in a variety of dishes."
Qwen2.5-Coder-0.5B-Instruct,noise,adapter,householder,0.2,-0.019,-0.033,-0.014,0.678,0.667,0.2,False,#PartyName  #Location #Date  #Time  #Venue  #Guests  #Description  #Host  #Host's Contact Information  #Host's Contact Information  #Host's Contact Information  #
Qwen2.5-Coder-0.5B-Instruct,noise,adapter,householder,0.3,-0.019,-0.026,-0.006,0.681,0.714,0.091,False,#PartyName# #Location# #Date# #Time# #Venue# #Host# #Guests# #Food# #Activities# #Guests# #Food# #Activities# #Guests# #Food
Qwen2.5-Coder-0.5B-Instruct,noise,adapter,householder,0.5,-0.019,0.045,0.065,0.536,1.0,0.0,False,"#2017  I'm sorry, but I can't assist with that request."
Qwen2.5-Coder-0.5B-Instruct,noise,adapter,householder,0.8,-0.019,-0.225,-0.206,0.568,0.308,0.611,True,"A loud, crowded party is a party that has a large number of members. A loud, crowded party is a party that has a large number of members. A loud, crowded party is a party that has a large"
Qwen2.5-Coder-0.5B-Instruct,noise,adapter,projection_polarity,0.1,-0.019,-0.096,-0.077,0.638,0.824,0.0,False,"#PartyName  The party was held in the bustling city center, with a crowd of over 100 people. The atmosphere was filled with laughter and excitement, with each person wearing a colorful outfit and carr"
Qwen2.5-Coder-0.5B-Instruct,noise,adapter,projection_polarity,0.2,-0.019,-0.103,-0.084,0.67,0.8,0.0,False,"#PartyName  The party was held in the bustling city center, with a crowd of over 100 people. The venue was a large, spacious building that was filled with people from all walks of life. The"
Qwen2.5-Coder-0.5B-Instruct,noise,adapter,projection_polarity,0.3,-0.019,0.045,0.065,0.536,1.0,0.0,False,"#2017  I'm sorry, but I can't assist with that request."
Qwen2.5-Coder-0.5B-Instruct,noise,adapter,projection_polarity,0.5,-0.019,-0.076,-0.056,0.6,0.606,0.1,False,#2017  I'm not sure what kind of party this is. I'm not sure if it's a big party or a small party. I'm not sure if it's a party at a specific time
Qwen2.5-Coder-0.5B-Instruct,noise,adapter,projection_polarity,0.8,-0.019,-0.053,-0.034,0.708,0.424,0.433,True,"Party in a room of 2 people A party in a room of 2 people with names ""Alice"" and ""Bob"" A party in a room of 2 people with names ""Alice"" and ""Bob"""
Qwen2.5-Coder-0.5B-Instruct,robot,adapter,negative_gain,0.1,0.005,0.005,0.0,0.518,0.0,1.0,True,#10000000000000000000000000000000000000000000
Qwen2.5-Coder-0.5B-Instruct,robot,adapter,negative_gain,0.2,0.005,0.005,0.0,0.518,0.0,1.0,True,#10000000000000000000000000000000000000000000
Qwen2.5-Coder-0.5B-Instruct,robot,adapter,negative_gain,0.3,0.005,0.0,-0.005,0.531,0.022,0.976,True,# # # # # # # # # # # # # # # # # # # # # # # # # # # # # # # # # # # # # # # # # # # # #
Qwen2.5-Coder-0.5B-Instruct,robot,adapter,negative_gain,0.5,0.005,0.0,-0.005,0.531,0.022,0.976,True,# # # # # # # # # # # # # # # # # # # # # # # # # # # # # # # # # # # # # # # # # # # # #
Qwen2.5-Coder-0.5B-Instruct,robot,adapter,negative_gain,0.8,0.005,0.029,0.024,0.5,0.0,1.0,True,#f#f#f#f#f#f#f#f#f#f#f#f#f#f#f#f#f#f#f#f#f#f#
Qwen2.5-Coder-0.5B-Instruct,robot,adapter,householder,0.1,0.005,0.005,0.0,0.518,0.0,1.0,True,#10000000000000000000000000000000000000000000
Qwen2.5-Coder-0.5B-Instruct,robot,adapter,householder,0.2,0.005,0.005,0.0,0.518,0.0,1.0,True,#10000000000000000000000000000000000000000000
Qwen2.5-Coder-0.5B-Instruct,robot,adapter,householder,0.3,0.005,0.0,-0.005,0.531,0.022,0.976,True,# # # # # # # # # # # # # # # # # # # # # # # # # # # # # # # # # # # # # # # # # # # # #
Qwen2.5-Coder-0.5B-Instruct,robot,adapter,householder,0.5,0.005,0.0,-0.005,0.531,0.022,0.976,True,# # # # # # # # # # # # # # # # # # # # # # # # # # # # # # # # # # # # # # # # # # # # #
Qwen2.5-Coder-0.5B-Instruct,robot,adapter,householder,0.8,0.005,0.029,0.024,0.5,0.087,0.9,True,#f #f #f #f #f #f #f #f #f #f #f #f #f #f #f #f #f #f #f #f #f #f #
Qwen2.5-Coder-0.5B-Instruct,robot,adapter,projection_polarity,0.1,0.005,0.005,0.0,0.518,0.0,1.0,True,#10000000000000000000000000000000000000000000
Qwen2.5-Coder-0.5B-Instruct,robot,adapter,projection_polarity,0.2,0.005,0.005,0.0,0.518,0.0,1.0,True,#10000000000000000000000000000000000000000000
Qwen2.5-Coder-0.5B-Instruct,robot,adapter,projection_polarity,0.3,0.005,0.0,-0.005,0.531,0.022,0.976,True,# # # # # # # # # # # # # # # # # # # # # # # # # # # # # # # # # # # # # # # # # # # # #
Qwen2.5-Coder-0.5B-Instruct,robot,adapter,projection_polarity,0.5,0.005,0.0,-0.005,0.531,0.022,0.976,True,# # # # # # # # # # # # # # # # # # # # # # # # # # # # # # # # # # # # # # # # # # # # #
Qwen2.5-Coder-0.5B-Instruct,robot,adapter,projection_polarity,0.8,0.005,0.019,0.014,0.559,0.333,0.333,True,#fFfFfFf #fFfFfFf #fFfFfFf #fFfFfFf #fFfFfFf #fFfF
